city_name,postal_code,price_sqm,region,province,longitude,lattitude
's Gravenwezel,2970.0,2219.7850913212383,Flandre,Anvers,4.5556038,51.26248560000001
Aalbeke,8511.0,1193.9700197983618,Flandre,Flandre-Occidentale,3.2186046321991,50.77745545
Aalst,9300.0,1620.4008093857549,Flandre,Flandre-Orientale,4.0396424203486,50.9429755
Aalter,9880.0,2479.9975038316943,Flandre,Flandre-Orientale,3.4176803282422,51.088195
Aartrijke,8211.0,1856.9346876311147,Flandre,Flandre-Occidentale,3.0913265545139,51.1180002
Aartselaar,2630.0,2149.1640817809794,Flandre,Anvers,4.3870241,51.133297
Abolens,4280.0,1722.3024632330576,Wallonie,Liège,5.1498313,50.6720609
Achel,3930.0,1680.117361478834,Flandre,Limbourg,5.479289572001799,51.2684314
Adegem,9991.0,1562.7498157248158,Flandre,Flandre-Orientale,3.4858471,51.2035291
Afsnee,9051.0,2255.0431232814108,Flandre,Flandre-Orientale,3.6575415863856,51.0299989
Agimont,5544.0,1308.5890354003327,Wallonie,Namur,4.7942801,50.16421
Aische-En-Refail,5310.0,1695.5609168228177,Wallonie,Namur,4.8359955,50.59886820000001
Aiseau,6250.0,1568.7177378769857,Wallonie,Hainaut,4.5870152000000015,50.4111232
Aisemont,5070.0,1529.9833922999135,Wallonie,Namur,4.6513189000000015,50.40485570000001
Alken,3570.0,1919.0222997610172,Flandre,Limbourg,5.3079873,50.8754731
Alleur,4432.0,1669.053381465557,Wallonie,Liège,5.5129926,50.6742549
Alsemberg,1652.0,2244.4027316756346,Flandre,Brabant flamand,4.3281703413079,50.7449476
Alveringem,8690.0,1274.9778052061079,Flandre,Flandre-Occidentale,2.7225688102727004,51.01509585
Ambly,6953.0,1856.3182868244132,Wallonie,Luxembourg,5.3142288,50.1441815
Ambresin,4219.0,1617.827970816932,Wallonie,Liège,5.0305133,50.6266779
Amonines,6997.0,1597.7562943595276,Wallonie,Luxembourg,5.557150900000001,50.26551970000001
Anderlecht,1070.0,2140.8771105221863,Bruxelles,Bruxelles-Capitale,4.3123401,50.8381411
Anderlues,6150.0,1119.065387486911,Wallonie,Hainaut,4.2696102,50.4079969
Andrimont,4821.0,1292.7040465369,Wallonie,Liège,5.8901888,50.4386821
Angleur,4031.0,1434.0116401758385,Wallonie,Liège,5.5954054000000015,50.6128164
Angre,7387.0,1102.4654470807855,Wallonie,Hainaut,3.6954509,50.36698300000001
Anloy,6890.0,1625.0770710869335,Wallonie,Luxembourg,5.2215609,49.94990429999999
Ans,4430.0,1325.4821799717731,Wallonie,Liège,5.5190612,50.6624326
Anseroeul,7750.0,1580.6940716261495,Wallonie,Hainaut,3.5205580000000003,50.728033
Anthisnes,4160.0,1097.7122314285343,Wallonie,Liège,5.5225260999999986,50.481662
Antoing,7640.0,1288.061313075402,Wallonie,Hainaut,3.4513116000000004,50.565911
Antwerpen,2031.3263157894737,2270.166947304741,Flandre,Anvers,4.3997081,51.2211097
Anvaing,7910.0,1256.615287280668,Wallonie,Hainaut,3.5617225,50.6817661
Appelterre-Eichem,9400.0,1619.2956383851972,Flandre,Flandre-Orientale,3.9673266115113,50.819114
Arbre,7811.0,1657.142857142857,Wallonie,Hainaut,3.8148309,50.6103517
Arbrefontaine,4990.0,1308.175911643952,Wallonie,Liège,5.8353999000000005,50.301260600000006
Ardooie,8850.0,1563.2729352386991,Flandre,Flandre-Occidentale,3.2045936674459,50.97076545
Arendonk,2370.0,1930.494014583118,Flandre,Anvers,5.0864557,51.3202315
Argenteau,4601.0,1315.7667390318636,Wallonie,Liège,5.686015,50.6957645
Arquennes,7181.0,2230.4894363497438,Wallonie,Hainaut,4.287514819651,50.5640405
Arville,6870.0,914.2830433316357,Wallonie,Luxembourg,5.3166577,50.0323986
As,3665.0,1329.269406392694,Flandre,Limbourg,5.572202585246202,51.0005396
Aspelare,9404.0,1779.4309463957468,Flandre,Flandre-Orientale,3.9584406,50.84216370000001
Asquillies,7040.0,1133.7406453890294,Wallonie,Hainaut,3.9570563,50.4020009
Asse,1730.0,2085.40406448583,Flandre,Brabant flamand,4.1804375072845,50.913594
Assebroek,8310.0,1992.1419537050608,Flandre,Flandre-Occidentale,3.2570785402002995,51.1933202
Assenede,9960.0,1554.8368338331522,Flandre,Flandre-Orientale,3.7568076657628,51.23004155
Assent,3460.0,1693.8904383851682,Flandre,Brabant flamand,5.0136688435307,50.94677135
Athus,6791.0,1769.5064582671569,Wallonie,Luxembourg,5.8317660999999985,49.5642065
Attenhoven,3404.0,1900.4941599281221,Flandre,Brabant flamand,5.100653433046401,50.7653693
Attenrode,3384.0,2661.9666276707103,Flandre,Brabant flamand,4.9167554140969,50.86946070000001
Attert,6717.0,2259.1446463040616,Wallonie,Luxembourg,5.787221700000001,49.7514982
Attre,7941.0,560.4246794871794,Wallonie,Hainaut,3.8410951,50.6102428
Aubange,6790.0,1852.9036157077737,Wallonie,Luxembourg,5.804352,49.5675296
Aubechies,7972.0,1544.5025545101703,Wallonie,Hainaut,3.6769173,50.573932
Aubel,4880.0,1597.500471024485,Wallonie,Liège,5.8585553,50.7041498
Auderghem,1160.0,3222.3360416872556,Bruxelles,Bruxelles-Capitale,4.4331389,50.8156571
Audregnies,7382.0,1233.3333333333333,Wallonie,Hainaut,3.7177788,50.3830135
Autre-Eglise,1367.0,1712.875039762048,Wallonie,Brabant wallon,4.9249295,50.6631583
Avelgem,8580.0,1369.6085186288994,Flandre,Flandre-Occidentale,3.4468985313677,50.77549970000001
Averbode,3271.0,1438.1172316778316,Flandre,Brabant flamand,4.977084579487402,51.02784060000001
Awirs,4400.0,1507.462002693044,Wallonie,Liège,5.409294999999998,50.5985223
Baal,3128.0,2181.3961750046615,Flandre,Brabant flamand,4.7505367662714,51.0075269
Baardegem,9310.0,1635.7039796001472,Flandre,Flandre-Orientale,4.1400064082098,50.9559778
Baarle-Hertog,2387.0,2831.2614399551576,Flandre,Anvers,4.9004051710883,51.412750431351995
Bachte-Maria-Leerne,9800.0,1976.7442008051155,Flandre,Flandre-Orientale,3.5624453000000003,51.00382370000001
Baelen,4837.0,2084.673347721635,Wallonie,Liège,5.9715011,50.6311898
Bagimont,5550.0,1204.862847541398,Wallonie,Namur,4.8751221,49.8241964
Bailièvre,6460.0,988.8024663592696,Wallonie,Hainaut,4.238617,50.069276
Balen,2490.0,1483.0198576407174,Flandre,Anvers,5.1937730761009,51.171804
Balâtre,5190.0,1571.7742326165662,Wallonie,Namur,4.6382422,50.4983123
Bande,6951.0,1189.2444307689282,Wallonie,Luxembourg,5.4154822,50.16658220000001
Barry,7534.0,1504.4036061026352,Wallonie,Hainaut,3.5430623,50.5875423
Barvaux-Condroz,5370.0,1255.71501465112,Wallonie,Namur,5.260723400000002,50.3291239
Bas-Warneton,7784.0,1532.142857142857,Wallonie,Hainaut,2.9625206000000004,50.7588153
Bassevelde,9968.0,1855.6165479171195,Flandre,Flandre-Orientale,3.678995200000001,51.2311917
Battice,4651.0,1305.4251321389768,Wallonie,Liège,5.8194813,50.64826970000001
Baudour,7331.0,1261.4497372579697,Wallonie,Hainaut,3.8327577000000006,50.4814352
Bauffe,7870.0,1332.4793748013979,Wallonie,Hainaut,3.8537045,50.5701441
Baulers,1401.0,2642.962442962443,Wallonie,Brabant wallon,4.3586482570372,50.6172472
Bavikhove,8531.0,1357.3826651746044,Flandre,Flandre-Occidentale,3.3126044844799,50.8790473
Beaufays,4052.0,1999.223443127769,Wallonie,Liège,5.6387759000000015,50.5589633
Beauwelz,6594.0,350.0,Wallonie,Hainaut,4.1569720000000006,50.015365
Beclers,7532.0,1265.3030507040087,Wallonie,Hainaut,3.5028761,50.6217774
Beersel,1650.0,2469.899025572652,Flandre,Brabant flamand,4.305132149459101,50.7684432
Beerst,8600.0,1823.5275860252032,Flandre,Flandre-Occidentale,2.873227743412,51.05367055
Beert,1673.0,1798.9417989417989,Flandre,Brabant flamand,4.1853449364222,50.7354888
Beerzel,2580.0,2014.4476527639367,Flandre,Anvers,4.6630807412987,51.06299735
Begijnendijk,3130.0,1814.8124600479046,Flandre,Brabant flamand,4.7826403117004,51.02422075
Beho,6672.0,1318.175355450237,Wallonie,Luxembourg,5.9972692,50.220365
Beigem,1852.0,2524.7535907786105,Flandre,Brabant flamand,4.3638682,50.9527061
Belgrade,5001.0,1489.3096305842244,Wallonie,Namur,4.822295852263902,50.46923485
Bellem,9881.0,2428.6317567567567,Flandre,Flandre-Orientale,3.4994525656039,51.0902776
Bellevaux,6834.0,1250.0,Wallonie,Luxembourg,6.0129575,50.39127720000001
Beloeil,7970.0,1203.0793220126277,Wallonie,Hainaut,3.7361279,50.5479197
Belsele,9111.0,2014.195074343388,Flandre,Flandre-Orientale,4.0917750185456,51.1570236
Ben-Ahin,4500.0,1347.7663439949945,Wallonie,Liège,5.1773498,50.5033196
Berchem,5296.197183098591,2049.3375124526033,Flandre,Anvers,4.4317026387884,51.1918493
Berchem-Sainte-Agathe,1082.0,2380.526560471682,Bruxelles,Bruxelles-Capitale,4.2927019999999985,50.8639835
Bergilers,4360.0,1152.742413631138,Wallonie,Liège,5.3277139,50.7145424
Beringen,3580.0,1623.397195138408,Flandre,Limbourg,5.2208090823008,51.0502026
Berlaar,2590.0,1739.635490392086,Flandre,Anvers,4.6640387634597005,51.10303735
Berlare,9290.0,1895.2383339302364,Flandre,Flandre-Orientale,4.0113470297154,51.0301606
Berlingen,3830.0,1707.2148290093915,Flandre,Limbourg,5.3111748927674,50.82338225
Bernissart,7320.0,1096.1989037227324,Wallonie,Hainaut,3.650467700000001,50.475502
Bertem,3060.0,2086.900767468616,Flandre,Brabant flamand,4.6322907,50.8706469
Bertogne,6687.0,1161.7130458740874,Wallonie,Luxembourg,5.6675577000000015,50.0842908
Berzée,5651.0,1196.4764039766608,Wallonie,Namur,4.4012206,50.2892396
Beselare,8980.0,2018.623160751236,Flandre,Flandre-Occidentale,3.0293494282427003,50.85048855
Bevercé,4960.0,1598.6107866186965,Wallonie,Liège,6.0391879,50.4415348
Beveren,8799.068965517241,2199.0392666078715,Flandre,Flandre-Occidentale,3.14416,50.9687312
Beverlo,3581.0,1923.3301946006995,Flandre,Limbourg,5.2443565507180985,51.08973005
Beyne-Heusay,4610.0,1655.3623334534104,Wallonie,Liège,5.6534141,50.6220566
Bienne-Lez-Happart,6543.0,1964.2857142857142,Wallonie,Hainaut,4.2155807,50.35120870000001
Biercée,6533.0,1398.1028151774785,Wallonie,Hainaut,4.259139599999999,50.3250862
Bierges,1301.0,2311.2565618922827,Wallonie,Brabant wallon,4.5894025,50.7111796
Bierghes,1430.0,1692.6338473668704,Wallonie,Brabant wallon,4.1227257983451,50.69657845
Bierset,4460.0,1378.9065498309878,Wallonie,Liège,5.4512607000000015,50.6547149
Bihain,6690.0,1285.762640948893,Wallonie,Luxembourg,5.8082072,50.2390245
Bikschote,8920.0,1450.0609304186526,Flandre,Flandre-Occidentale,2.863108835832,50.92504495
Binche,7130.0,1093.9982546394217,Wallonie,Hainaut,4.1701677159951,50.412824846084995
Binderveld,3850.0,1784.7627532455328,Flandre,Limbourg,5.168447929346598,50.86548295
Binkom,3211.0,1914.645200909607,Flandre,Brabant flamand,4.8908885858012985,50.8721422
Bizet,7783.0,804.3659430399762,Wallonie,Hainaut,2.88999,50.7060943
Bièvre,5555.0,959.9777219430989,Wallonie,Namur,5.0168496,49.9411216
Biévène,1547.0,1643.3082450580048,Flandre,Brabant flamand,3.943147,50.7164481
Blaasveld,2830.0,1928.5014402879467,Flandre,Anvers,4.3723517,51.0565194
Blaimont,5542.0,1494.3604658098423,Wallonie,Namur,4.8352693,50.192216
Blanden,3052.0,2950.3105590062114,Flandre,Brabant flamand,4.7056796612254015,50.8281673
Blaton,7321.0,1123.228727622763,Wallonie,Hainaut,3.6611754,50.5011724
Blégny,4670.0,1385.8906958622229,Wallonie,Liège,5.7252372000000005,50.6727185
Bléharies,7620.0,1602.069681503395,Wallonie,Hainaut,3.4155171,50.5131151
Bocholt,3950.0,1612.1669557739237,Flandre,Limbourg,5.5995581946268,51.1924818
Boechout,2530.0,2264.79953539112,Flandre,Anvers,4.510406865149,51.1596941
Boekhoute,9961.0,1509.3360910363306,Flandre,Flandre-Orientale,3.7059614986083,51.2509311
Boezinge,8904.0,1450.6172839506173,Flandre,Flandre-Occidentale,2.8624482523982,50.89329445
Boirs,4690.0,1360.9628871786472,Wallonie,Liège,5.5788622000000005,50.7539251
Bois-D'haine,7170.0,1300.9077823311777,Wallonie,Hainaut,4.215693099999998,50.5023427
Bois-De-Lessines,7866.0,1371.209881503237,Wallonie,Hainaut,3.8856306,50.6953023
Bombaye,4607.0,1531.354684713101,Wallonie,Liège,5.7429371,50.730153
Bon-Secours,7603.0,884.6153846153846,Wallonie,Hainaut,3.607483,50.4976184
Boncelles,4100.0,1388.148591392916,Wallonie,Liège,5.535569799999998,50.5742979
Bonheiden,2820.0,2134.1723255664,Flandre,Anvers,4.5378217779072,51.0261294
Bonlez,1325.0,2527.0153358328394,Wallonie,Brabant wallon,4.6896144999999985,50.7021372
Bonnert,6700.0,1926.242678005657,Wallonie,Luxembourg,5.819014299999999,49.7107729
Bonneville,5300.0,1500.228446501328,Wallonie,Namur,5.0338525,50.47092960000001
Booischot,2221.0,1747.5037339616256,Flandre,Anvers,4.7692867998141,51.0471677
Boom,2850.0,1962.2823178441356,Flandre,Anvers,4.366721599999999,51.0873789
Boorsem,3631.0,1336.6298041623652,Flandre,Limbourg,5.714723200000001,50.9408858
Boortmeerbeek,3190.0,2476.27756984007,Flandre,Brabant flamand,4.575800525,50.97828585
Borchtlombeek,1761.0,2106.3829787234044,Flandre,Brabant flamand,4.1369148649611,50.84817805
Borgerhout,2140.0,1823.4183713561815,Flandre,Anvers,4.4403895064496,51.21029905
Borlo,3891.0,1558.2482937339473,Flandre,Limbourg,5.1743785728014,50.7345174
Bornem,2880.0,2211.2641350864837,Flandre,Anvers,4.2423260051519,51.0924649
Borsbeek,2150.0,2218.630924350206,Flandre,Anvers,4.488953,51.1928907
Bossuit,8583.0,698.4126984126984,Flandre,Flandre-Occidentale,3.4080819304802,50.74804505
Bost,3300.0,1756.4125659739893,Flandre,Brabant flamand,4.9339239586832,50.7846322
Bothey,5032.0,1895.9836052625426,Wallonie,Namur,4.6524505,50.521822
Bouffioulx,6200.0,1035.609839892221,Wallonie,Hainaut,4.5151961,50.390213
Bouge,5004.0,1999.2077475366498,Wallonie,Namur,4.891664450549,50.47887385
Bouillon,6830.0,1219.2475939674584,Wallonie,Luxembourg,5.0672528,49.7949836
Bourlers,6464.0,1132.9433014682215,Wallonie,Hainaut,4.341293,50.027359
Boussu,7300.0,965.7334693460342,Wallonie,Hainaut,3.7960902,50.43312529999999
Bousval,1470.0,2021.2963444945071,Wallonie,Brabant wallon,4.5192034141632,50.63205335
Boutersem,3370.0,3750.529467335884,Flandre,Brabant flamand,4.8336178052558,50.8473461
Bouwel,2288.0,1991.1350726753026,Flandre,Anvers,4.7370614385825,51.16210045
Bovesse,5081.0,1823.629365157252,Wallonie,Namur,4.7787022193209,50.51440005
Bovigny,6671.0,1666.5010351966873,Wallonie,Luxembourg,5.9182421,50.2244199
Boëlhe,4250.0,1739.5378267361102,Wallonie,Liège,5.167918299999998,50.6841901
Braine-L'alleud,1420.0,2283.7396086794497,Wallonie,Brabant wallon,4.3548145440335,50.6940942
Braine-Le-Comte,7090.0,1635.4664777617263,Wallonie,Hainaut,4.1425138,50.61234810000001
Bras,6800.0,1765.6221216794268,Wallonie,Luxembourg,5.3877654,49.97601820000001
Brasschaat,2930.0,2321.364860468691,Flandre,Anvers,4.489307,51.2930933
Brecht,2960.0,2144.636284428089,Flandre,Anvers,4.5972381789962,51.3347679
Bredene,8450.0,2162.6905536416866,Flandre,Flandre-Occidentale,2.9725769468284,51.23890495
Bree,3960.0,1613.947303591849,Flandre,Limbourg,5.6229805058514,51.1386239
Breendonk,2870.0,2156.465964577299,Flandre,Anvers,4.3136108625549,51.0452687
Broekom,3840.0,1687.9745840169355,Flandre,Limbourg,5.3324574999999985,50.7819071
Brugelette,7940.0,975.5432360642727,Wallonie,Hainaut,3.8546563,50.5954253
Brugge,8000.0,2486.7499519863495,Flandre,Flandre-Occidentale,3.2073611,51.2147083
Brussegem,1785.0,2249.1264841746947,Flandre,Brabant flamand,4.265886900000001,50.9277713
Bruxelles,1000.0,2688.239879823866,Bruxelles,Bruxelles-Capitale,4.351697,50.8465573
Bruyelle,7641.0,968.9922480620155,Wallonie,Hainaut,3.426992,50.557403
Brye,6222.0,1750.915750915751,Wallonie,Hainaut,4.561356496071,50.53007005
Buissenal,7911.0,1652.951907131012,Wallonie,Hainaut,3.6551307,50.6648633
Buizingen,1501.0,2345.9630575659608,Flandre,Brabant flamand,4.2605080818496,50.73793415
Bullange,4760.0,1145.1849104142161,Wallonie,Liège,6.257827,50.4075533
Bulskamp,8630.0,1648.8620548801046,Flandre,Flandre-Occidentale,2.6434487702288,51.0444613
Bunsbeek,3380.0,1778.7724178852789,Flandre,Brabant flamand,4.9601107928553,50.8510351
Burcht,2070.0,1959.8527352780916,Flandre,Anvers,4.3416362,51.2028046
Bure,6927.0,1059.8084922272299,Wallonie,Luxembourg,5.2611620000000014,50.0885262
Burg-Reuland,4790.0,1411.3300234591673,Wallonie,Liège,6.1216793580592,50.174780874297
Bury,7602.0,2075.0,Wallonie,Hainaut,3.59458,50.5426384
Butgenbach,4750.0,1437.8520074696546,Wallonie,Liège,6.205357299999998,50.4267259
Buvrinnes,7133.0,1289.7089947089946,Wallonie,Hainaut,4.2055425,50.3897538
Buzenol,6743.0,1756.578947368421,Wallonie,Luxembourg,5.5942184,49.6478969
Buzet,6230.0,1403.254702482273,Wallonie,Hainaut,4.3713097181263,50.53893345
Calonne,7642.0,1757.5757575757575,Wallonie,Hainaut,3.4371661,50.578325
Carnières,7141.0,1143.1845654053384,Wallonie,Hainaut,4.2542126,50.443039
Casteau,7061.0,1616.8586424136602,Wallonie,Hainaut,4.0031319,50.5130195
Celles,5561.0,1497.4192942942943,Wallonie,Namur,5.005833900000002,50.23126170000001
Champlon,6971.0,822.7848101265823,Wallonie,Luxembourg,5.5034047,50.1077503
Chanly,6921.0,1263.9593908629442,Wallonie,Luxembourg,5.1559991,50.0786533
Chantemelle,6742.0,1315.7894736842106,Wallonie,Luxembourg,5.6551334,49.6535106
Chapelle-À-Wattines,7903.0,1587.095908671036,Wallonie,Hainaut,3.6551354,50.6125001
Chapon-Seraing,4537.0,1703.784002658181,Wallonie,Liège,5.2734472000000014,50.609673
Charleroi,6000.0,997.4876942780638,Wallonie,Hainaut,4.4491649999234015,50.41571025
Charneux,4654.0,1602.3391812865498,Wallonie,Liège,5.8048204000000005,50.669117
Chassepierre,6824.0,1562.4887387387387,Wallonie,Luxembourg,5.2621817,49.70769050000001
Chastrès,5650.0,1055.3825327962454,Wallonie,Namur,4.459200900000001,50.2649096
Chaudfontaine,4050.0,1531.0157166965816,Wallonie,Liège,5.6469688,50.5847922
Cherain,6673.0,897.827140549273,Wallonie,Luxembourg,5.8646609000000005,50.18067410000001
Cheratte,4602.0,1357.719397064448,Wallonie,Liège,5.670164,50.682809000000006
Chercq,7521.0,913.5372867872868,Wallonie,Hainaut,3.4212542,50.5885516
Chevron,4987.0,1711.9343710038622,Wallonie,Liège,5.7299282,50.3819564
Chênee,4032.0,1371.6930666100197,Wallonie,Liège,5.619261,50.6111024
Ciply,7024.0,948.4320557491288,Wallonie,Hainaut,3.9438349,50.4193042
Clavier,4560.0,1575.4487836333076,Wallonie,Liège,5.3575692,50.4115085
Clermont-Sous-Huy,4480.0,1372.5915812079209,Wallonie,Liège,5.3922,50.569046
Cognelée,5022.0,1043.4782608695652,Wallonie,Namur,4.9127293838106,50.5171876
Comblain-Au-Pont,4170.0,1427.95845495733,Wallonie,Liège,5.5764707268884015,50.474910743585994
Comblain-Fairon,4180.0,1629.20427294665,Wallonie,Liège,5.5428656,50.4454473
Comines,7780.0,1655.7192736278773,Wallonie,Hainaut,2.998666,50.768736
Corbion,6838.0,1148.8793776544226,Wallonie,Luxembourg,5.0065337,49.7976297
Corswarem,4257.0,1851.1582052017461,Wallonie,Liège,5.2131541,50.7095698
Couillet,6010.0,1143.4561960706333,Wallonie,Hainaut,4.4686309999999985,50.391219
Courcelles,6180.0,1148.3105026259047,Wallonie,Hainaut,4.3763406,50.4601576
Courrière,5336.0,1507.152419200612,Wallonie,Namur,4.9845433,50.378301
Court-Saint-Etienne,1490.0,2118.783210878129,Wallonie,Brabant wallon,4.568576599999999,50.6443208
Couthuin,4218.0,1495.7745726495725,Wallonie,Liège,5.1318708,50.5331675
Couture-Saint-Germain,1380.0,2753.410160562997,Wallonie,Brabant wallon,4.482569151206599,50.6628104
Couvin,5660.0,1106.0826400013293,Wallonie,Namur,4.4955009000000015,50.0524906
Croix-Lez-Rouveroy,7120.0,1402.6654375432383,Wallonie,Hainaut,4.0758701,50.3609408
Crupet,5332.0,1839.2156862745098,Wallonie,Namur,4.958114900000001,50.3468626
Cuesmes,7033.0,1213.263499581402,Wallonie,Hainaut,3.9206652,50.436171
Cugnon,6880.0,1186.590621468623,Wallonie,Luxembourg,5.2033082,49.8020427
Cérexhe-Heuseux,4632.0,2401.64707977208,Wallonie,Liège,5.7262388,50.65088370000001
Céroux-Mousty,1341.0,2592.8285112639815,Wallonie,Brabant wallon,4.5291742660159,50.6625713
Dadizele,8890.0,1626.7018887486397,Flandre,Flandre-Occidentale,3.1056665757612003,50.84693275
Dampremy,6020.0,917.1993295560344,Wallonie,Hainaut,4.4322464,50.4186181
Daussois,5630.0,1052.510269130576,Wallonie,Namur,4.455439,50.218825
Daussoulx,5020.0,1603.498735902638,Wallonie,Namur,4.8769847282413,50.51724395
De Klinge,9170.0,1676.719905565701,Flandre,Flandre-Orientale,4.0898144,51.2564526
De Panne,8660.0,1828.0585893472519,Flandre,Flandre-Occidentale,2.5806696887141003,51.09437775
De Pinte,9840.0,2284.6166266242994,Flandre,Flandre-Orientale,3.6495958,50.9924205
Deerlijk,8540.0,1628.7345198441694,Flandre,Flandre-Occidentale,3.3622790229139,50.83878495
Deftinge,9570.0,1651.6387184145608,Flandre,Flandre-Orientale,3.8409061,50.7863579
Denderleeuw,9470.0,1865.8585635895633,Flandre,Flandre-Orientale,4.0665468327116,50.8843903
Denée,5537.0,1347.4566860892803,Wallonie,Namur,4.7512903,50.3179627
Dessel,2480.0,1666.4601178399307,Flandre,Anvers,5.113243,51.2395713
Desselgem,8792.0,1536.2941900547878,Flandre,Flandre-Occidentale,3.3669119563273995,50.88302825
Destelbergen,9070.0,2533.143142452907,Flandre,Flandre-Orientale,3.7978887,51.0556204
Desteldonk,9042.0,1512.3400581218948,Flandre,Flandre-Orientale,3.7836111,51.1221778
Deurle,9831.0,2692.6239135541464,Flandre,Flandre-Orientale,3.6111658724762,51.0000909
Deurne,2443.063063063063,1886.288609429316,Flandre,Brabant flamand,5.0964572,51.0392379
Deux-Acren,7864.0,1456.928649894182,Wallonie,Hainaut,3.8522036,50.7307336
Diegem,1831.0,2421.4301399084,Flandre,Brabant flamand,4.4365042,50.8945555
Diepenbeek,3590.0,2027.3306626912556,Flandre,Limbourg,5.4200307,50.9078485
Dikkelvenne,9890.0,1897.8114264722133,Flandre,Flandre-Orientale,3.6894495,50.9176673
Dison,4820.0,1283.0343325137073,Wallonie,Liège,5.854735,50.611374
Doel,9130.0,1633.0034051379375,Flandre,Flandre-Orientale,4.2456374474582015,51.3181461
Dongelberg,1370.0,1735.8437145866872,Wallonie,Brabant wallon,4.8203333,50.7016251
Donstiennes,6536.0,1194.7341675246166,Wallonie,Hainaut,4.3119991,50.2854167
Dorinne,5530.0,1783.8979477728114,Wallonie,Namur,4.97325,50.3173377
Dottignies,7711.0,1907.8477694866547,Wallonie,Hainaut,3.3037301,50.7273981
Dour,7370.0,871.3349603957847,Wallonie,Hainaut,3.7806897,50.3978815
Dranouter,8951.0,1745.0,Flandre,Flandre-Occidentale,2.7832991,50.7662832
Drogenbos,1620.0,2365.7601721505634,Flandre,Brabant flamand,4.3173542000000005,50.786532
Drongen,9031.0,2612.977586986671,Flandre,Flandre-Orientale,3.6395168043236,51.05289439999999
Duffel,2570.0,1708.367382394751,Flandre,Anvers,4.5061988,51.0957176
Duras,3803.0,1691.525,Flandre,Limbourg,5.1461581286779,50.83411245
Dworp,1653.0,2194.8309258593017,Flandre,Brabant flamand,4.2950152833964,50.73423975
Ecaussinnes-D'enghien,7190.0,1740.5053794085852,Wallonie,Hainaut,4.1776303,50.5714795
Ecaussinnes-Lalaing,7191.0,1216.3265306122448,Wallonie,Hainaut,4.178551799999998,50.57035629999999
Edegem,2650.0,2530.409171796799,Flandre,Anvers,4.4384284,51.15747860000001
Eeklo,9900.0,1789.3477685109556,Flandre,Flandre-Orientale,3.5665965,51.1844827
Eernegem,8480.0,1801.1699374027367,Flandre,Flandre-Occidentale,3.023122345129,51.12819605
Eine,9700.0,1606.2387380319474,Flandre,Flandre-Orientale,3.6226347,50.8695429
Eke,9810.0,1950.7617166108762,Flandre,Flandre-Orientale,3.6418029,50.95693770000001
Ekeren,2180.0,2097.880694967145,Flandre,Anvers,4.4322870782182,51.2842045
Eksaarde,9160.0,1954.938103151891,Flandre,Flandre-Orientale,3.965212,51.1487608
Eksel,3941.0,1405.6260769046219,Flandre,Limbourg,5.3440439268887,51.1567865
Elewijt,1982.0,2109.736012479678,Flandre,Brabant flamand,4.507563891854098,50.96953845
Ellemelle,4590.0,1345.7179198837084,Wallonie,Liège,5.442913,50.4664238
Ellikom,3670.0,1520.9762965548944,Flandre,Limbourg,5.528946361394402,51.1303479
Elsegem,9790.0,2313.476478982026,Flandre,Flandre-Orientale,3.5366137,50.8247164
Elverdinge,8906.0,733.6734693877551,Flandre,Flandre-Occidentale,2.8086072093094,50.88120105
Embourg,4053.0,2120.0664751121994,Wallonie,Liège,5.619201,50.5893639
Emptinne,5363.0,1502.145922746781,Wallonie,Namur,5.1212547,50.32539050000001
Enghien,7850.0,1690.2808177222164,Wallonie,Hainaut,4.0406912,50.6927553
Epinois,7134.0,1120.357201569144,Wallonie,Hainaut,4.2093685,50.4049792
Eppegem,1980.0,2272.010726009904,Flandre,Brabant flamand,4.4556575,50.961429
Ermeton-Sur-Biert,5644.0,1232.6732673267327,Wallonie,Namur,4.7197934,50.2975439
Ernage,5030.0,2070.1388477031605,Wallonie,Namur,4.6739886,50.5941971
Ernonheid,4920.0,1453.8660148443225,Wallonie,Liège,5.6660069,50.4028521
Erpion,6441.0,1644.9569669842924,Wallonie,Hainaut,4.3512321,50.2118893
Erps-Kwerps,3071.0,2466.069455296444,Flandre,Brabant flamand,4.575086412553099,50.9104969
Erquelinnes,6560.0,1071.7612059222263,Wallonie,Hainaut,4.1241436,50.3102184
Esneux,4130.0,1546.786182111778,Wallonie,Liège,5.575772744032401,50.5337249
Espierres,8587.0,1789.17167095818,Flandre,Flandre-Occidentale,3.3465264652837003,50.72568025
Essen,2910.0,2228.565861880241,Flandre,Anvers,4.4701309,51.4677957
Ethe,6760.0,1241.7163512496315,Wallonie,Luxembourg,5.5766897,49.5814209
Etterbeek,1040.0,2812.5873544274014,Bruxelles,Bruxelles-Capitale,4.389510400000002,50.8368511
Eupen,4700.0,1597.333628227357,Wallonie,Liège,6.031452,50.6306134
Evere,1140.0,2307.7254131913614,Bruxelles,Bruxelles-Capitale,4.4021602,50.8704524
Ezemaal,3400.0,1500.3364813239382,Flandre,Brabant flamand,4.997333783130999,50.7766242
Faimes,4317.0,1231.5959432604207,Wallonie,Liège,5.262322,50.665246
Falaen,5522.0,1657.912457912458,Wallonie,Namur,4.793357,50.2782156
Falisolle,5060.0,1494.4912604768172,Wallonie,Namur,4.6212589999999985,50.4182456
Falmagne,5500.0,1294.5037718015246,Wallonie,Namur,4.897139599999999,50.2003101
Farciennes,6240.0,968.4886273082137,Wallonie,Hainaut,4.553041,50.42732279999999
Fays-Les-Veneurs,6856.0,1001.8939393939395,Wallonie,Luxembourg,5.1607144,49.8662058
Fernelmont,5380.0,1821.8383488157517,Wallonie,Namur,4.9746742,50.548118
Ferrières,4190.0,1761.6270080764127,Wallonie,Liège,5.605138,50.3999541
Feschaux,5570.0,1221.728750951991,Wallonie,Namur,4.910576,50.15093
Fexhe-Le-Haut-Clocher,4347.0,1705.016564252883,Wallonie,Liège,5.3985197,50.66608179999999
Fexhe-Slins,4458.0,2141.845308252881,Wallonie,Liège,5.5714611,50.7219179
Filot,4181.0,950.0,Wallonie,Liège,5.5680501,50.426751
Fize-Le-Marsal,4367.0,1569.9867159843798,Wallonie,Liège,5.386298,50.70135300000001
Flamierge,6686.0,2180.616740088106,Wallonie,Luxembourg,5.6038758,50.0333519
Flobecq,7880.0,1863.7782805429863,Wallonie,Hainaut,3.7378707,50.7371675
Florenville,6820.0,905.2857786970872,Wallonie,Luxembourg,5.310051799999999,49.6993182
Florée,5334.0,1035.7142857142858,Wallonie,Namur,5.0704373,50.3730757
Fléron,4620.0,1588.0819023355516,Wallonie,Liège,5.6832219,50.6168354
Flône,4540.0,1252.6364919553193,Wallonie,Liège,5.3354735999999985,50.5582387
Focant,5572.0,390.2439024390244,Wallonie,Namur,5.0408552,50.1314538
Fontaine-L'evêque,6140.0,962.1771348125619,Wallonie,Hainaut,4.3239637925238,50.411224661019
Fooz,4340.0,1599.4609750226994,Wallonie,Liège,5.4376155,50.6762489
Forchies-La-Marche,6141.0,1203.673637709519,Wallonie,Hainaut,4.3198191,50.4383794
Forest,1190.0,2365.154739453084,Bruxelles,Bruxelles-Capitale,4.3177512,50.8091426
Forge-Philippe,6596.0,697.6744186046511,Wallonie,Hainaut,4.2520681,49.96543
Fosse,4980.0,1433.4839468047742,Wallonie,Liège,5.8378154,50.3388474
Fourbechies,6440.0,1330.5064333970922,Wallonie,Hainaut,4.3166667,50.1666667
Fouron-Le-Comte,3798.0,2178.2156185269155,Flandre,Limbourg,5.771946190056701,50.7611375
Fouron-Saint-Martin,3790.0,1777.519257430244,Flandre,Limbourg,5.842934227984201,50.74087835
Fraiture,4557.0,1473.0706406452343,Wallonie,Liège,5.4196671,50.478693
Frameries,7080.0,1030.9220194696286,Wallonie,Hainaut,3.8905656,50.4087571
Franière,5150.0,1595.7466387847771,Wallonie,Namur,4.7317890999999985,50.4389093
Froidmont,7504.0,1400.42194092827,Wallonie,Hainaut,3.3287795,50.57792
Froyennes,7503.0,1423.4739996993917,Wallonie,Hainaut,3.3569842000000003,50.6195489
Fumal,4260.0,1553.1181520403227,Wallonie,Liège,5.184607,50.586887
Galmaarden,1570.0,1887.481937464125,Flandre,Brabant flamand,3.9709983,50.7527192
Ganshoren,1083.0,2509.850948670468,Bruxelles,Bruxelles-Capitale,4.3175103,50.8712396
Gaurain-Ramecroix,7530.0,1348.036647323323,Wallonie,Hainaut,3.4834445,50.5924891
Geel,2440.0,1743.9472760247168,Flandre,Anvers,4.9903187,51.1610826
Gelbressée,5024.0,2159.874213836478,Wallonie,Namur,4.9578287274527,50.5113799
Gellik,3620.0,1670.9467784759654,Flandre,Limbourg,5.6091315,50.8839456
Gelrode,3200.0,1979.0156670570689,Flandre,Brabant flamand,4.804273044098401,50.9670761
Geluwe,8940.0,1522.2648121001503,Flandre,Flandre-Occidentale,3.0689009201802,50.826939
Gembes,6929.0,1425.739009353926,Wallonie,Luxembourg,5.063233,49.997198
Gemmenich,4851.0,1376.8932860670664,Wallonie,Liège,5.996763099999999,50.7463908
Genk,3600.0,1744.4702781951594,Flandre,Limbourg,5.5001456,50.9654864
Gent,9000.0,2678.946303385518,Flandre,Flandre-Orientale,3.7141549000597,51.0397129
Gentbrugge,9050.0,2175.957541840094,Flandre,Flandre-Orientale,3.7588813,51.04472360000001
Genval,1332.0,2625.694415392436,Wallonie,Brabant wallon,4.497138934412098,50.72074495
Geraardsbergen,9500.0,1540.1152926915868,Flandre,Flandre-Orientale,3.879789,50.7689045
Gesves,5340.0,1786.646720797278,Wallonie,Namur,5.0776175000000014,50.4028535
Ghlin,7011.0,1473.5689235716427,Wallonie,Hainaut,3.903746,50.4760502
Ghoy,7863.0,1321.4285714285713,Wallonie,Hainaut,3.8094385,50.728342700000006
Gibecq,7823.0,714.2857142857143,Wallonie,Hainaut,3.8878195,50.637673
Gierle,2275.0,1846.0271929802855,Flandre,Anvers,4.8676797,51.26758
Gijzegem,9308.0,1678.9385212728607,Flandre,Flandre-Orientale,4.0413684723722,50.9831967
Gilly,6060.0,1247.090646743515,Wallonie,Hainaut,4.4856490134380005,50.4269705
Gingelom,3890.0,1275.710246753954,Flandre,Limbourg,5.132578947543401,50.7513838
Gistel,8470.0,2162.3239828281926,Flandre,Flandre-Occidentale,2.9670810948205,51.15825020000001
Glabais,1473.0,1678.0604505275164,Wallonie,Brabant wallon,4.446488693984401,50.63691535
Glain,4000.0,1525.9615491505615,Wallonie,Liège,5.541864,50.648205
Gochenée,5680.0,1195.5157668358547,Wallonie,Namur,4.7597215,50.1841874
Gontrode,9090.0,2425.567121772812,Flandre,Flandre-Orientale,3.7976423,50.9842505
Gosselies,6041.0,1051.7672092708958,Wallonie,Hainaut,4.4301757,50.4653846
Gottignies,7070.0,1362.4011021871881,Wallonie,Hainaut,4.0622054,50.4971875
Goutroux,6030.0,1240.415740934193,Wallonie,Hainaut,4.3611946147288,50.41684425
Gouvy,6670.0,1137.9120385732786,Wallonie,Luxembourg,5.9549305,50.1907895
Gouy-Lez-Piéton,6181.0,1096.6317628626086,Wallonie,Hainaut,4.3287132,50.4875628
Gozée,6534.0,868.4192264335624,Wallonie,Hainaut,4.3515595000000005,50.3332279
Goé,4834.0,1321.4285714285713,Wallonie,Liège,5.9562187999999985,50.6086202
Grand-Axhe,4300.0,1480.861916651861,Wallonie,Liège,5.2243853,50.6789987
Grand-Halleux,6698.0,482.7586206896552,Wallonie,Luxembourg,5.9072517,50.3262753
Grand-Leez,5031.0,1368.045843045843,Wallonie,Namur,4.7609593378472,50.57820735
Grandglise,7973.0,1302.0576848625628,Wallonie,Hainaut,3.6966742,50.5044413
Grandhan,6940.0,1765.1012836128562,Wallonie,Luxembourg,5.4086678,50.3299795
Grandvoir,6840.0,1286.1823156804048,Wallonie,Luxembourg,5.3717959,49.8576034
Graty,7830.0,1493.9081696178537,Wallonie,Hainaut,3.9967288,50.6311726
Graux,5640.0,1186.7222571866948,Wallonie,Namur,4.7203187999999985,50.325597
Grazen,3450.0,1582.2969134441576,Flandre,Brabant flamand,5.1299277800431,50.8754117
Grez-Doiceau,1390.0,2259.0916617623907,Wallonie,Brabant wallon,4.6962324,50.73861820000001
Grimbergen,1850.0,2227.237036273767,Flandre,Brabant flamand,4.4013732626459,50.95030565
Grivegnee,4030.0,1619.8444316681073,Wallonie,Liège,5.599573,50.621845
Grobbendonk,2280.0,2007.6907930220627,Flandre,Anvers,4.7318844301963,51.18870335
Groot-Bijgaarden,1702.0,2238.198596350427,Flandre,Brabant flamand,4.2635668372339,50.8714357
Grote-Spouwen,3740.0,1426.6709566322727,Flandre,Limbourg,5.5538483,50.832524
Grotenberge,9620.0,1747.6865583637664,Flandre,Flandre-Orientale,3.8333978,50.872305
Haaltert,9450.0,1599.5199381075442,Flandre,Flandre-Orientale,4.0057717,50.9022532
Haasdonk,9120.0,2001.274432097072,Flandre,Flandre-Orientale,4.2383861,51.1806482
Haasrode,3053.0,2587.4133333068125,Flandre,Brabant flamand,4.7283706944623,50.81785645
Habay-La-Neuve,6720.0,1368.135799450463,Wallonie,Luxembourg,5.6503942,49.7286061
Habay-La-Vieille,6723.0,2072.708143522123,Wallonie,Luxembourg,5.6225107,49.7228424
Habergy,6782.0,1303.7810804100309,Wallonie,Luxembourg,5.7608307,49.61533770000001
Haccourt,4684.0,1572.1211678436202,Wallonie,Liège,5.6667674,50.7339784
Haillot,5351.0,1747.75,Wallonie,Namur,5.1491871,50.4405961
Haine-Saint-Paul,7100.0,1233.9038508710723,Wallonie,Hainaut,4.1883094,50.454942
Halen,3545.0,1546.82027177097,Flandre,Limbourg,5.1073913444455,50.9384339
Halle,2003.8297872340424,2024.1951631109823,Flandre,Anvers,4.6455565344486,51.2428446
Halma,6922.0,673.0769230769231,Wallonie,Luxembourg,5.1374206,50.0754135
Ham,3945.0,1483.4872544360062,Flandre,Limbourg,5.1781109743218,51.11417145
Hamois,5360.0,1632.499786426488,Wallonie,Namur,5.1594475,50.3408694
Hampteau,6990.0,1403.809684993943,Wallonie,Luxembourg,5.4729019,50.2579039
Han-Sur-Lesse,5580.0,1312.9537133242086,Wallonie,Namur,5.1877385,50.1254505
Hanzinelle,5621.0,1149.125926895738,Wallonie,Namur,4.5607099,50.2949873
Harelbeke,8530.0,1626.5579236121087,Flandre,Flandre-Occidentale,3.3425511,50.8293249
Haren,1130.0,2207.7034441780897,Bruxelles,Bruxelles-Capitale,4.4125708732431,50.89196610000001
Harsin,6950.0,1258.8627414197017,Wallonie,Luxembourg,5.3475606,50.173788
Hasselt,3500.0,1933.9291590919195,Flandre,Limbourg,5.3368383970676,50.930358
Hastière,5540.0,1198.0178447116925,Wallonie,Namur,4.8225541872005,50.1973562
Hastière-Par-Delà,5541.0,1355.6365560183294,Wallonie,Namur,4.8294854,50.2150767
Haut-Ittre,1461.0,1814.5454545454545,Wallonie,Brabant wallon,4.2964719513591,50.6488039
Hautrage,7334.0,1092.1360533357658,Wallonie,Hainaut,3.7650049,50.4823864
Havay,7041.0,1246.0908629976427,Wallonie,Hainaut,3.9841693,50.3611541
Havre,7021.0,1224.5045763508444,Wallonie,Hainaut,4.0453329,50.4643434
Hechtel-Eksel,3940.0,1575.2684173687983,Flandre,Limbourg,5.3415643775263,51.11664635
Heer,5543.0,1539.6634615384614,Wallonie,Namur,4.831747,50.161698
Heestert,8551.0,1693.0449116883617,Flandre,Flandre-Occidentale,3.4120184,50.7821543
Heffen,2801.0,2274.492234169654,Flandre,Anvers,4.4124762563322,51.0519355
Heikruis,1670.0,2131.0119638397173,Flandre,Brabant flamand,4.1126567000000005,50.7348458
Heist-Op-Den-Berg,2220.0,2112.7785648329073,Flandre,Anvers,4.7193765534389005,51.06251415
Helen-Bos,3440.0,1585.0723823905548,Flandre,Brabant flamand,5.0802259143417,50.83603965
Hemiksem,2620.0,2088.664921767397,Flandre,Anvers,4.3420555,51.1442105
Henri-Chapelle,4841.0,2919.8391286970423,Wallonie,Liège,5.9318018,50.6768234
Hensies,7350.0,1040.6326586418804,Wallonie,Hainaut,3.6847215,50.4328388
Heppen,3971.0,1522.0415224913497,Flandre,Limbourg,5.2265355962879,51.11582725
Heppignies,6220.0,1108.9405211097005,Wallonie,Hainaut,4.4935448,50.4817059
Herbeumont,6887.0,1243.8487660156193,Wallonie,Luxembourg,5.2377736,49.7815364
Herchies,7050.0,1695.9305969954942,Wallonie,Hainaut,3.8577095,50.528238
Herent,3020.0,2413.0027444396983,Flandre,Brabant flamand,4.672714,50.9079329
Herentals,2200.0,1879.5266636199603,Flandre,Anvers,4.83464460985,51.1855514
Herenthout,2270.0,1712.431633792655,Flandre,Anvers,4.7543972000000005,51.1392427
Herfelingen,1540.0,1937.126028989173,Flandre,Brabant flamand,4.0974868,50.747729
Hergenrath,4728.0,1395.422619047619,Wallonie,Liège,6.0316891,50.7091279
Herk-De-Stad,3540.0,1736.9476891860895,Flandre,Limbourg,5.1884301868953,50.9222911
Hermalle-Sous-Argenteau,4681.0,2011.111111111111,Wallonie,Liège,5.680871099999999,50.710544
Hermée,4680.0,1473.8555436225624,Wallonie,Liège,5.6186068,50.7087526
Herseaux,7712.0,1471.6298755317766,Wallonie,Hainaut,3.2342044,50.7227127
Herstal,4040.0,1403.1463811973301,Wallonie,Liège,5.6403906,50.6701887
Herstappe,3717.0,984.1897233201581,Flandre,Limbourg,5.4260923,50.7273829
Hertain,7522.0,1475.6764293171884,Wallonie,Hainaut,3.2880161,50.6141111
Hertsberge,8020.0,1952.6241500717338,Flandre,Flandre-Occidentale,3.2612349549978,51.10996785
Herve,4650.0,1818.363717064605,Wallonie,Liège,5.7935245,50.63921120000001
Heule,8501.0,1534.7971523988147,Flandre,Flandre-Occidentale,3.2382004806211,50.8511736
Heure,5377.0,1517.428042753134,Wallonie,Namur,5.2963125,50.2945343
Heusden,3550.0,1663.6684058082046,Flandre,Limbourg,5.283553129278401,51.04153335
Heusy,4802.0,1714.7650638406242,Wallonie,Liège,5.867539,50.57804
Hever,3191.0,1422.8116549826264,Flandre,Brabant flamand,4.5553278,50.9925865
Heverlee,3001.0,2489.9739980237064,Flandre,Brabant flamand,4.693130751028098,50.85172925
Heyd,6941.0,1874.8676250767594,Wallonie,Luxembourg,5.562158,50.346445
Hoboken,2660.0,1911.0378343666794,Flandre,Anvers,4.3511502171395,51.1757824
Hodeige,4351.0,1445.7241082939406,Wallonie,Liège,5.342657900000002,50.6960127
Hody,4162.0,666.6666666666666,Wallonie,Liège,5.5009881,50.4869156
Hoegaarden,3320.0,1461.087175518793,Flandre,Brabant flamand,4.881141936140001,50.7877912
Hoeilaart,1560.0,2603.9992209159414,Flandre,Brabant flamand,4.474407,50.7674846
Hoevenen,2940.0,1877.008627469284,Flandre,Anvers,4.4046996,51.30661679999999
Hofstade,1981.0,2070.6917899357154,Flandre,Brabant flamand,4.5042526607237,50.9939033
Hognoul,4342.0,1782.936507936508,Wallonie,Liège,5.4556394,50.6808099
Hombeek,2811.0,2212.1333063986654,Flandre,Anvers,4.4211910518318,51.01166405
Hombourg,4852.0,972.2222222222222,Wallonie,Liège,5.9207511,50.723243
Hooglede,8830.0,1903.122549482508,Flandre,Flandre-Occidentale,3.0687215849639,50.98218015
Hoogstraten,2320.0,2223.3887024351084,Flandre,Anvers,4.744065641418599,51.39574085
Hornu,7301.0,1019.4868151216937,Wallonie,Hainaut,3.8276077000000006,50.43376129999999
Horrues,7060.0,1420.149854481296,Wallonie,Hainaut,4.0413076,50.6093445
Houdemont,6724.0,1461.3425925925926,Wallonie,Luxembourg,5.5843337,49.7189016
Houdeng-Aimeries,7110.0,1099.9845135366866,Wallonie,Hainaut,4.1524459,50.4835958
Houffalize,6660.0,1352.3230075946162,Wallonie,Luxembourg,5.7886928,50.1323761
Hour,5563.0,2250.0,Wallonie,Namur,5.037240799999998,50.1613066
Housse,4671.0,1839.5650132338028,Wallonie,Liège,5.693985,50.6796259
Houtain-Le-Val,1476.0,1778.5714285714287,Wallonie,Brabant wallon,4.4110339517433,50.5762935
Houtain-Saint-Siméon,4682.0,1591.4972643777598,Wallonie,Liège,5.6104199,50.7391753
Houthalen-Helchteren,3530.0,1612.841436906906,Flandre,Limbourg,5.3713044000000005,51.0281818
Houthulst,8650.0,1646.8489982927347,Flandre,Flandre-Occidentale,2.9438110508216,50.97407785
Houtvenne,2235.0,1699.7311775732187,Flandre,Anvers,4.8012932645531,51.04605145
Hove,2540.0,2268.3407194158926,Flandre,Anvers,4.477387,51.1486117
Huccorgne,4520.0,1540.2411340361743,Wallonie,Liège,5.1647622,50.56759
Huizingen,1654.0,2284.15221987315,Flandre,Brabant flamand,4.2732545968764,50.74931535
Hulsonniaux,5560.0,1492.0765790455189,Wallonie,Namur,4.947825,50.201583
Humain,6900.0,1323.7169453876688,Wallonie,Luxembourg,5.2552435,50.2053202
Humbeek,1851.0,2239.736518260798,Flandre,Brabant flamand,4.3777599282045,50.9728229
Hyon,7022.0,1396.1182456114498,Wallonie,Hainaut,3.9619447,50.4392359
Hélécine,1357.0,1637.2629486505887,Wallonie,Brabant wallon,4.9822395,50.7514034
Hérinnes-Lez-Pecq,7742.0,1512.4445995010485,Wallonie,Hainaut,3.3623581,50.7008798
Héron,4217.0,1752.0928926676825,Wallonie,Liège,5.0971783,50.5508203
Iddergem,9472.0,1726.8041237113403,Flandre,Flandre-Orientale,4.0440509206633,50.8746795
Incourt,1315.0,1714.7824243346945,Wallonie,Brabant wallon,4.7989440000000005,50.6918004
Ingelmunster,8770.0,1754.4489932601223,Flandre,Flandre-Occidentale,3.2617189739329,50.92196635
Ingooigem,8570.0,1816.4921258849886,Flandre,Flandre-Occidentale,3.4271837357677994,50.8297876
Irchonwelz,7801.0,1420.138888888889,Wallonie,Hainaut,3.7536768,50.6201619
Itterbeek,1701.0,1774.4898272788741,Flandre,Brabant flamand,4.250118700000002,50.8395994
Ittre,1460.0,2064.836442294503,Wallonie,Brabant wallon,4.2611675641255,50.646336700000006
Ixelles,1050.0,2882.5273197870124,Bruxelles,Bruxelles-Capitale,4.3815707,50.8222854
Izegem,8870.0,1578.5933801966394,Flandre,Flandre-Occidentale,3.2090654210557004,50.91382225
Izel,6810.0,1361.5820709554725,Wallonie,Luxembourg,5.3747807,49.693986
Jabbeke,8490.0,1921.704529477706,Flandre,Flandre-Occidentale,3.0902953889402003,51.1846386
Jalhay,4845.0,2235.2099057994915,Wallonie,Liège,5.9647526,50.5592528
Jallet,5354.0,1232.371794871795,Wallonie,Namur,5.1821601,50.44326210000001
Jamagne,5600.0,1169.7385231158898,Wallonie,Namur,4.531286,50.2180956
Jemappes,7012.0,934.9666584314618,Wallonie,Hainaut,3.8894392,50.448422
Jemeppe-Sur-Meuse,4101.0,1169.9836752788924,Wallonie,Liège,5.5049541,50.6168289
Jette,1090.0,2340.4516839301587,Bruxelles,Bruxelles-Capitale,4.3260903,50.8777634
Jumet,6040.0,1000.9726370358813,Wallonie,Hainaut,4.4360232749854,50.44466065
Juprelle,4450.0,2020.658514941746,Wallonie,Liège,5.5290689,50.7106926
Juseret,6642.0,1474.0740740740741,Wallonie,Luxembourg,5.5493342000000005,49.8805193
Kaggevinne,3293.0,996.2962962962963,Flandre,Brabant flamand,5.029940492612201,50.9776976
Kalmthout,2920.0,2674.747474747475,Flandre,Anvers,4.4763255,51.3832723
Kanegem,8700.0,1900.9053410402105,Flandre,Flandre-Occidentale,3.4035567083156,51.021401
Kapellen,2962.676470588235,1992.5613665968028,Flandre,Anvers,4.4312318305558,51.332759
Kaprijke,9970.0,1924.2859932440344,Flandre,Flandre-Orientale,3.6219251372375,51.228952
Kaster,8572.0,1363.3879781420765,Flandre,Flandre-Occidentale,3.4976090001837004,50.8121917
Kasterlee,2460.0,2043.010653822619,Flandre,Anvers,4.967812,51.2407915
Keerbergen,3140.0,2077.2258114407805,Flandre,Brabant flamand,4.6265551,51.00492420000001
Kerksken,9451.0,1422.745508459794,Flandre,Flandre-Orientale,3.9792346670559,50.88457295
Kermt,3510.0,1841.4419762727516,Flandre,Limbourg,5.2509784643733,50.9524495
Kersbeek-Miskom,3472.0,1768.3126328262551,Flandre,Brabant flamand,5.0065116045983,50.8930932577
Kessel,2560.0,2052.461627064082,Flandre,Anvers,4.6393456001407,51.14453105
Kessel Lo,3010.0,2524.750138451848,Flandre,Brabant flamand,4.7307614946269005,50.88991545
Kester,1755.0,1971.4444586930756,Flandre,Brabant flamand,4.1212845,50.7631284
Kinrooi,3640.0,1430.7123988129485,Flandre,Limbourg,5.741456460698498,51.14313325
Klemskerke,8420.0,2265.2237403143613,Flandre,Flandre-Occidentale,3.0238828,51.242521
Knesselare,9910.0,2304.7174654667283,Flandre,Flandre-Orientale,3.412339,51.1392692
Knokke,8300.0,3446.339963238188,Flandre,Flandre-Occidentale,3.3233738606453,51.34942965
Koekelare,8680.0,1742.2261030976122,Flandre,Flandre-Occidentale,2.9682187344976003,51.0911765
Koekelberg,1081.0,1725.2076967719045,Bruxelles,Bruxelles-Capitale,4.3257084,50.8622633
Koersel,3582.0,1810.5211739193458,Flandre,Limbourg,5.271159654589,51.06978945
Koolskamp,8851.0,1765.668791137178,Flandre,Flandre-Occidentale,3.2016142835313,51.00752720000001
Korbeek-Lo,3360.0,2122.8483983070487,Flandre,Brabant flamand,4.7561775068454,50.86176115
Kortenaken,3470.0,1200.9053658323662,Flandre,Brabant flamand,5.068392495735,50.90566935
Kortenberg,3070.0,2319.1743579205004,Flandre,Brabant flamand,4.536470703962401,50.88326665
Kortessem,3720.0,1361.770048529884,Flandre,Limbourg,5.377000028782098,50.86195255
Kortrijk,8500.0,1726.0672646222079,Flandre,Flandre-Occidentale,3.2784153903743,50.81788085
Kraainem,1950.0,3234.590710097449,Flandre,Brabant flamand,4.4691371,50.8606105
Kruishoutem,9770.0,2140.240288873334,Flandre,Flandre-Orientale,3.5404462768494,50.9200896
Kuringen,3511.0,1620.068823345748,Flandre,Limbourg,5.3052007,50.94393839999999
Kuurne,8520.0,1671.6056551929937,Flandre,Flandre-Occidentale,3.2736322150643,50.86005145
L'ecluse,1320.0,2083.402059264517,Wallonie,Brabant wallon,4.832007900000002,50.7717493
La Calamine,4720.0,1391.849986877252,Wallonie,Liège,6.0133410000000005,50.71549570000001
La Glanerie,7611.0,1752.0,Wallonie,Hainaut,3.3010202000000004,50.52984160000001
La Hulpe,1310.0,2438.1157221487388,Wallonie,Brabant wallon,4.4796542,50.7315053
La Roche-En-Ardenne,6980.0,1178.0035864063966,Wallonie,Luxembourg,5.5701521878995,50.182916023074
Laarne,9270.0,2327.076054563145,Flandre,Flandre-Orientale,3.8504738,51.029657
Lacuisine,6821.0,1127.2727272727273,Wallonie,Luxembourg,5.318262,49.7170106
Laeken,1020.0,2173.477256253009,Bruxelles,Bruxelles-Capitale,4.3487134,50.883392
Lahamaide,7890.0,1284.3283979806722,Wallonie,Hainaut,3.7246735,50.69558
Lambermont,4800.0,1236.8352794089046,Wallonie,Liège,5.191001,49.7051899
Lamontzée,4210.0,1491.001318400628,Wallonie,Liège,5.0899261,50.583727
Landegem,9850.0,2049.994039807337,Flandre,Flandre-Orientale,3.5888091437976004,51.0546369
Landelies,6111.0,1867.1008501084252,Wallonie,Hainaut,4.3496404,50.377822
Langdorp,3201.0,1670.8965979185932,Flandre,Brabant flamand,4.8856989624279015,51.0118664
Lanquesaint,7800.0,1420.8575911381495,Wallonie,Hainaut,3.8042549,50.6534242
Laplaigne,7622.0,745.0,Wallonie,Hainaut,3.4418587625525,50.52296155
Lapscheure,8340.0,2408.305538925878,Flandre,Flandre-Occidentale,3.3523918963854,51.2821424
Latinne,4261.0,1712.3645510835913,Wallonie,Liège,5.1632447,50.6242037
Latour,6761.0,2238.382099827883,Wallonie,Luxembourg,5.5704642,49.5581925
Lauw,3700.0,1362.533235647235,Flandre,Limbourg,5.4147831,50.7399124
Le Mesnil,5670.0,1044.195185400524,Wallonie,Namur,4.6712991,50.030867
Lebbeke,9280.0,1678.5906249098673,Flandre,Flandre-Orientale,4.1307711000000005,51.0004013
Leefdaal,3061.0,1918.4361863259014,Flandre,Brabant flamand,4.5905043649411,50.8419887
Leernes,6142.0,1249.0994397759105,Wallonie,Hainaut,4.3307851,50.3974398
Leffinge,8432.0,2467.4506648787574,Flandre,Flandre-Occidentale,2.8776766,51.1746761
Leignon,5590.0,1768.0147317111127,Wallonie,Namur,5.1102615999999985,50.2687357
Lembeek,1502.0,1905.384879602071,Flandre,Brabant flamand,4.214343058890701,50.7092954
Lembeke,9971.0,2246.4313776846516,Flandre,Flandre-Orientale,3.6346312134542,51.19424
Lendelede,8860.0,1536.6229769990296,Flandre,Flandre-Occidentale,3.2320134658174,50.8850661
Leopoldsburg,3970.0,1394.463655635315,Flandre,Limbourg,5.2638924294785,51.1220584
Les Bons Villers,6210.0,1462.8794377412305,Wallonie,Hainaut,4.4252588130793,50.53495775
Les Bulles,6811.0,1107.638888888889,Wallonie,Luxembourg,5.4263273000000005,49.7031011
Lesdain,7621.0,1007.8125,Wallonie,Hainaut,3.3880963285681003,50.520291
Lessines,7860.0,1387.4944433637893,Wallonie,Hainaut,3.8301131,50.71230360000001
Letterhoutem,9521.0,2324.561403508772,Flandre,Flandre-Orientale,3.8812597,50.92696
Leugnies,6500.0,1168.6544597942327,Wallonie,Hainaut,4.196155,50.224642
Leuven,3000.0,2925.1810759960895,Flandre,Brabant flamand,4.6929903215189,50.8812533
Leuze-En-Hainaut,7900.0,1286.754455282472,Wallonie,Hainaut,3.617736902638,50.599042981582
Liberchies,6238.0,1348.7319347319349,Wallonie,Hainaut,4.4243830944654015,50.5152429
Lichtervelde,8810.0,1829.6767537934188,Flandre,Flandre-Occidentale,3.1422717715338,51.03033065
Liedekerke,1770.0,1842.8212693077423,Flandre,Brabant flamand,4.0860754,50.8711313
Lier,2500.0,2088.7678243741548,Flandre,Anvers,4.5696515999999985,51.131069
Liers,4042.0,2022.1576765866869,Wallonie,Liège,5.563754,50.69338060000001
Ligne,7812.0,1193.7207743547247,Wallonie,Hainaut,3.7054981,50.6222783
Ligney,4254.0,1145.8333333333333,Wallonie,Liège,5.182381,50.66174
Lillois-Witterzée,1428.0,2108.051250720896,Wallonie,Brabant wallon,4.3670582,50.64837429999999
Limbourg,4830.0,1139.3488567039315,Wallonie,Liège,5.9402987000000005,50.6122761
Limelette,1342.0,2793.2373483551473,Wallonie,Brabant wallon,4.5549022761211,50.6851551
Limont,4357.0,1431.7328175135372,Wallonie,Liège,5.3107335,50.6600262
Lincent,4287.0,1533.06320898573,Wallonie,Liège,5.0318166,50.711613
Linkebeek,1630.0,2594.6690191968605,Flandre,Brabant flamand,4.3345641,50.7716092
Lint,2547.0,2198.3564921562993,Flandre,Anvers,4.4922187000000005,51.1268305
Linter,3350.0,1590.2394325955215,Flandre,Brabant flamand,5.0409717,50.8291537
Lippelo,2890.0,1794.846508481023,Flandre,Anvers,4.2519213925908,51.0451478
Lisogne,5501.0,1556.3390092879256,Wallonie,Namur,4.971541200000001,50.28142929999999
Lissewege,8380.0,1906.6665625995074,Flandre,Flandre-Occidentale,3.1991824156265003,51.31711375
Lives-Sur-Meuse,5101.0,2032.2640236687012,Wallonie,Namur,4.9384059263709,50.47132665
Liège,4020.0,1396.2396108543082,Wallonie,Liège,5.5734203,50.6451381
Lodelinsart,6042.0,940.5635884899202,Wallonie,Hainaut,4.448942099999999,50.431853
Loenhout,2990.0,1904.014101012179,Flandre,Anvers,4.6428328,51.3994474
Lombardsijde,8434.0,2243.866539577188,Flandre,Flandre-Occidentale,2.7549864166944,51.15402425
Lommel,3920.0,1652.6095151967222,Flandre,Limbourg,5.3076895,51.2305657
Lommersweiler,4783.0,1346.1538461538462,Wallonie,Liège,6.1651484000000005,50.23892360000001
Lompret,6463.0,914.1414141414141,Wallonie,Hainaut,4.3790041,50.0642146
Loncin,4431.0,1396.2397028906573,Wallonie,Liège,5.502732,50.665153
Lontzen,4710.0,1896.0270475080154,Wallonie,Liège,6.0073447,50.6804233
Lot,1651.0,1930.4193538334587,Flandre,Brabant flamand,4.2729986221482985,50.76514035
Louvain-La-Neuve,1348.0,3159.6744656271494,Wallonie,Brabant wallon,4.614156731721098,50.6741689
Louveigné,4141.0,1638.163374071411,Wallonie,Liège,5.7172477995985,50.5248417
Lovendegem,9920.0,2235.7421702392753,Flandre,Flandre-Orientale,3.6076129,51.0956807
Lubbeek,3210.0,2108.759154854973,Flandre,Brabant flamand,4.8400599406417,50.8821122
Luingne,7700.0,1414.725559147,Wallonie,Hainaut,3.2344942000000003,50.7386186
Lummen,3560.0,1813.1919710538564,Flandre,Limbourg,5.2025589998731,51.00313255
Maarkedal,9680.0,1511.9318621757648,Flandre,Flandre-Orientale,3.642779,50.79730720000001
Maaseik,3680.0,1493.7138413627601,Flandre,Limbourg,5.791733,51.0947181
Mabompré,6663.0,709.1836734693877,Wallonie,Luxembourg,5.7384527,50.098929
Machelen,1830.0,2183.5228893285393,Flandre,Brabant flamand,4.4353614000000015,50.9124219
Macon,6591.0,1166.6666666666667,Wallonie,Hainaut,4.2096331,50.052122
Macquenoise,6593.0,1000.0,Wallonie,Hainaut,4.1802891,49.9755399
Maffe,5374.0,1750.6747638326585,Wallonie,Namur,5.3125869,50.3533462
Maffle,7810.0,2232.280306622412,Wallonie,Hainaut,3.8060162,50.615068
Maillen,5330.0,1480.4675224791183,Wallonie,Namur,4.9699385000000005,50.3775518
Maisières,7020.0,1177.1424643018195,Wallonie,Hainaut,3.962763,50.4901522
Maissin,6852.0,845.0,Wallonie,Luxembourg,5.1805775,49.9651106
Maldegem,9990.0,1756.1523864090243,Flandre,Flandre-Orientale,3.4154538,51.2263133
Malderen,1840.0,1856.7237494743993,Flandre,Brabant flamand,4.2437819,51.0198436
Malempré,6960.0,1432.5094693186913,Wallonie,Luxembourg,5.7155249,50.2816159
Malle,2390.0,1747.3171986554669,Flandre,Anvers,4.7149828000000005,51.3001124
Marbaix,6120.0,1335.7300143631808,Wallonie,Hainaut,4.371393599999998,50.32680720000001
Marcinelle,6001.0,1298.701655131156,Wallonie,Hainaut,4.444253099999999,50.3977245
Marcourt,6987.0,1434.7272752184465,Wallonie,Luxembourg,5.5268172999999985,50.2145396
Mariakerke,9030.0,2305.698408192209,Flandre,Flandre-Orientale,3.6781210300259,51.07311770000001
Marke,8510.0,1771.5093205619391,Flandre,Flandre-Occidentale,3.2336226000000003,50.80704520000001
Martelange,6630.0,1859.3103524257294,Wallonie,Luxembourg,5.737636599999999,49.8313323
Martenslinde,3742.0,1272.2222222222222,Flandre,Limbourg,5.5340486411054,50.8523326
Massenhoven,2240.0,2310.777407366653,Flandre,Anvers,4.635692468301901,51.19902125
Mazenzele,1745.0,2133.6831769076,Flandre,Brabant flamand,4.171763200000001,50.942879100000006
Mechelen,2800.0,2209.6835358248677,Flandre,Anvers,4.471321199996,51.02803335
Mechelen-Aan-De-Maas,3630.0,1739.7879882712587,Flandre,Limbourg,5.6456979557208005,50.9764002
Meensel-Kiezegem,3391.0,1883.08427292323,Flandre,Brabant flamand,4.9173431325348,50.8950541
Meer,2321.0,2344.4472899013017,Flandre,Anvers,4.7372548575575,51.46092495
Meerbeek,3078.0,2525.2543020155927,Flandre,Brabant flamand,4.5972692536847,50.8782935
Meerbeke,9402.0,1615.099774646373,Flandre,Flandre-Orientale,4.0458501718008,50.81972985
Meerhout,2450.0,1683.6155456188749,Flandre,Anvers,5.0772388,51.1317433
Meerle,2328.0,1960.078156617389,Flandre,Anvers,4.805167900000002,51.4743516
Meetkerke,8377.0,2826.9042857315576,Flandre,Flandre-Occidentale,3.1469831971503,51.2356311
Meilegem,9630.0,1908.2684519526836,Flandre,Flandre-Orientale,3.6992879,50.9051876
Meise,1860.0,2312.0081049882247,Flandre,Brabant flamand,4.3287322,50.9341625
Meix-Le-Tige,6747.0,1827.58928243402,Wallonie,Luxembourg,5.7187012,49.6151951
Melen,4633.0,1682.5232472291298,Wallonie,Liège,5.7370469,50.6460841
Melles,7540.0,1481.3270508257267,Wallonie,Hainaut,3.4818996,50.646728
Mellet,6211.0,1697.0876254001253,Wallonie,Hainaut,4.4782005997401,50.50462075
Mellier,6860.0,1411.3733492300614,Wallonie,Luxembourg,5.5209461,49.7671531
Melsen,9820.0,2114.590242576906,Flandre,Flandre-Orientale,3.6928827000000006,50.9579283
Membruggen,3770.0,1412.3422213375577,Flandre,Limbourg,5.5391564,50.8178133
Menen,8930.0,1400.2604332728154,Flandre,Flandre-Occidentale,3.1156565,50.7969879
Merbes-Le-Château,6567.0,1297.3431624387076,Wallonie,Hainaut,4.1644816,50.3234035
Merksem,2170.0,1852.7181964949268,Flandre,Anvers,4.4453401635115,51.24994295
Merksplas,2330.0,1883.0321600156879,Flandre,Anvers,4.8627541,51.3580597
Meslin-L'evêque,7822.0,1456.9798668626497,Wallonie,Hainaut,3.8480962,50.6485784
Mespelare,9200.0,1652.4140426982883,Flandre,Flandre-Orientale,4.0652617659305,50.99557415
Messancy,6780.0,2146.165504510777,Wallonie,Luxembourg,5.816928599999999,49.5969055
Mettekoven,3870.0,1477.260817029056,Flandre,Limbourg,5.2896635000000005,50.7803053
Meulebeke,8760.0,1553.961257752698,Flandre,Flandre-Occidentale,3.2859605761212003,50.9484788
Meyerode,4770.0,1114.0343915343917,Wallonie,Liège,6.1884932,50.3288415
Micheroux,4630.0,1601.4919851161899,Wallonie,Liège,5.7355403,50.6315865
Middelburg,9992.0,2217.1497693740353,Flandre,Flandre-Orientale,3.4071425562584,51.25583235
Middelkerke,8430.0,1677.537397133498,Flandre,Flandre-Occidentale,2.8063401225473,51.18331695
Milmort,4041.0,1584.785336660254,Wallonie,Liège,5.5929155,50.6904632
Minderhout,2322.0,2052.5778803248245,Flandre,Anvers,4.8070790487489,51.43155825
Moen,8552.0,1531.2908510158704,Flandre,Flandre-Occidentale,3.3825263241917995,50.775415
Moerbeke-Waas,9180.0,1709.0187390192523,Flandre,Flandre-Orientale,3.9446436,51.1742698
Moerzeke,9220.0,1647.1139693370942,Flandre,Flandre-Orientale,4.1585956393745,51.06183125
Mohiville,5361.0,2947.3684210526317,Wallonie,Namur,5.1923275,50.3176664
Mol,2400.0,1810.9105776681479,Flandre,Anvers,5.1155267,51.184042100000006
Molenbaix,7760.0,1868.0252061127132,Wallonie,Hainaut,3.4294567,50.69300429999999
Molenbeek-Saint-Jean,1080.0,1914.1110055746487,Bruxelles,Bruxelles-Capitale,4.3227779,50.85435510000001
Molenstede,3294.0,1815.2645599182601,Flandre,Brabant flamand,5.024746528764902,51.0071839
Momignies,6590.0,953.6949735171349,Wallonie,Hainaut,4.1649981,50.02863170000001
Monceau-Imbrechies,6592.0,775.1937984496124,Wallonie,Hainaut,4.224118,50.036452
Monceau-Sur-Sambre,6031.0,1106.3748773386499,Wallonie,Hainaut,4.382402,50.41701679999999
Mons,7000.0,1307.307459471202,Wallonie,Hainaut,3.951958,50.4549568
Mont,6661.0,946.1647251761117,Wallonie,Luxembourg,5.7909538000000005,50.5341607
Mont-Saint-Aubert,7542.0,1542.9732868757258,Wallonie,Hainaut,3.4000171000000003,50.6554352
Mont-Saint-Guibert,1435.0,2199.811115945186,Wallonie,Brabant wallon,4.6127019,50.6365628
Mont-Sainte-Geneviève,6540.0,1474.4441206941206,Wallonie,Hainaut,4.2377392,50.3766211
Mont-Sur-Marchienne,6032.0,1210.3113074161904,Wallonie,Hainaut,4.4046365,50.3902046
Montegnée,4420.0,1232.8073173599648,Wallonie,Liège,5.519016099999999,50.64257
Montignies-Sur-Sambre,6061.0,1024.5458239053528,Wallonie,Hainaut,4.4729234863084,50.4109216
Montigny-Le-Tilleul,6110.0,1557.4122893245788,Wallonie,Hainaut,4.3602314806535,50.369072045553
Moorsele,8560.0,1511.3157351352313,Flandre,Flandre-Occidentale,3.1549318040629,50.84259085
Morlanwelz,7140.0,1150.9842830127611,Wallonie,Hainaut,4.2523562,50.4509843
Mortsel,2640.0,2077.977623992855,Flandre,Anvers,4.4593335,51.1741789
Mourcourt,7543.0,2576.1689291101056,Wallonie,Hainaut,3.445164,50.6530409
Muizen,2812.0,2219.3001314576272,Flandre,Anvers,4.5182999731643,51.0083206
Musson,6750.0,1449.065945213932,Wallonie,Luxembourg,5.705881,49.5580794
Méan,5372.0,1550.7111111111112,Wallonie,Namur,5.333856,50.3619241
Mévergnies-Lez-Lens,7942.0,1000.0,Wallonie,Hainaut,3.8507081,50.6044689
Naast,7062.0,1142.4523752109958,Wallonie,Hainaut,4.1011662000000015,50.5536883
Namur,5000.0,1899.9914709605366,Wallonie,Namur,4.849314651989,50.45620385
Nandrin,4550.0,1634.322092614302,Wallonie,Liège,5.4190410999999985,50.506355
Naninne,5100.0,1904.7405346931541,Wallonie,Namur,4.9316703499006,50.4146082
Neder-Over-Heembeek,1120.0,3016.878899369023,Bruxelles,Bruxelles-Capitale,4.390488868421101,50.89779605
Nederokkerzeel,1910.0,2190.3369666877893,Flandre,Brabant flamand,4.5645096,50.9190127
Neerijse,3040.0,2349.351432115678,Flandre,Brabant flamand,4.6290291125613,50.81115135
Nessonvaux,4870.0,1429.493995060195,Wallonie,Liège,5.7371309,50.573671
Neu-Moresnet,4721.0,2131.1475409836066,Wallonie,Liège,6.0240702000000015,50.7199902
Neufchâteau,4608.0,1561.9864734299517,Wallonie,Liège,5.776446400000001,50.7195828
Neufvilles,7063.0,1695.9846867125143,Wallonie,Hainaut,4.0029097999999985,50.5683075
Neupré,4120.0,1686.3915627920278,Wallonie,Liège,5.490107900000001,50.5431751
Neuville-En-Condroz,4121.0,2117.1875616018183,Wallonie,Liège,5.4514318,50.5520337
Niel,2845.0,2112.16062772744,Flandre,Anvers,4.3303395999999985,51.1098649
Nieuwenrode,1880.0,2345.8994651787734,Flandre,Brabant flamand,4.3512293,50.9799835
Nieuwerkerken,9320.0,1745.7166042780534,Flandre,Flandre-Orientale,4.0060975097656,50.92226365
Nieuwkerke,8950.0,1498.9754098360656,Flandre,Flandre-Occidentale,2.8251932,50.7457387
Nieuwkerken-Waas,9100.0,1867.4637475857226,Flandre,Flandre-Orientale,4.1780279,51.1933908
Nieuwpoort,8620.0,2165.5007715556144,Flandre,Flandre-Occidentale,2.7283986495034,51.14416005
Nieuwrode,3221.0,3229.1666666666665,Flandre,Brabant flamand,4.8338045392342,50.9470265
Nil-Saint-Vincent-Saint-Martin,1457.0,1924.4389132840593,Wallonie,Brabant wallon,4.6743285000000006,50.6407147
Nivelles,1400.0,1935.2734444561238,Wallonie,Brabant wallon,4.3319091758631005,50.58916295
Noirfontaine,6831.0,1402.9597894265235,Wallonie,Luxembourg,5.412251,50.6175774
Nollevaux,6851.0,421.2121212121212,Wallonie,Luxembourg,5.1220764,49.8710591
Noordschote,8647.0,1408.2042536723595,Flandre,Flandre-Occidentale,2.8217318560837,50.9484727
Nossegem,1930.0,2122.815801560259,Flandre,Brabant flamand,4.5081025949464015,50.88499735
Nukerke,9681.0,3333.0696283947186,Flandre,Flandre-Orientale,3.5954667,50.7965606
Néchin,7730.0,1583.8292512865,Wallonie,Hainaut,3.2690175,50.6669438
Obigies,7743.0,1147.0588235294117,Wallonie,Hainaut,3.364281,50.662055
Oelegem,2520.0,2311.247663898891,Flandre,Anvers,4.5972162,51.21106870000001
Oeselgem,8720.0,2036.4726616306546,Flandre,Flandre-Occidentale,3.429680547389,50.94008805
Ogy,7862.0,1661.111111111111,Wallonie,Hainaut,3.780225,50.7208405
Ohey,5350.0,1409.8935657274144,Wallonie,Namur,5.123843900000002,50.4359066
Olen,2250.0,1808.1602534671597,Flandre,Anvers,4.8597257,51.1438611
Olmen,2491.0,1692.2673249763482,Flandre,Anvers,5.1648214462792,51.13368515
Olne,4877.0,1462.466019355066,Wallonie,Liège,5.7479948,50.5901199
Omal,4252.0,1672.8778467908903,Wallonie,Liège,5.1969427,50.6554534
Onhaye,5520.0,1349.8919292501073,Wallonie,Namur,4.840864,50.2435657
Onze-Lieve-Vrouw-Waver,2861.0,1680.2083333333333,Flandre,Anvers,4.5799614,51.06249129999999
Oordegem,9340.0,1639.6922317988929,Flandre,Flandre-Orientale,3.90209,50.95740429999999
Oostakker,9041.0,2285.2489770742327,Flandre,Flandre-Orientale,3.7644128,51.10019860000001
Oostende,8400.0,1778.0973084283628,Flandre,Flandre-Occidentale,2.9203275,51.2303177
Oosterzele,9860.0,2036.191710878857,Flandre,Flandre-Orientale,3.8032713,50.9456388
Oostrozebeke,8780.0,1650.7351140789972,Flandre,Flandre-Occidentale,3.3468206372996003,50.93434535
Oostvleteren,8640.0,1611.23355312033,Flandre,Flandre-Occidentale,2.7492224474635,50.92313355
Oostwinkel,9931.0,1476.6934942991284,Flandre,Flandre-Orientale,3.5253176,51.150867
Opbrakel,9660.0,1504.0703299180534,Flandre,Flandre-Orientale,3.7463234,50.7921614
Opdorp,9255.0,2169.9621487640275,Flandre,Flandre-Orientale,4.2213781726505,51.0286063
Opglabbeek,3660.0,1573.3610509352568,Flandre,Limbourg,5.581962,51.0429949
Ophain-Bois-Seigneur-Isaac,1421.0,1795.932221110331,Wallonie,Brabant wallon,4.3507902353934,50.65630215
Orbais,1360.0,1661.5882267409397,Wallonie,Brabant wallon,4.7631073,50.6376269
Orcq,7501.0,1526.5233313198428,Wallonie,Hainaut,3.3492864,50.6049549
Orp-Le-Grand,1350.0,1602.3048475915557,Wallonie,Brabant wallon,4.9912852,50.7034875
Ortho,6983.0,1546.851851851852,Wallonie,Luxembourg,5.6138065,50.12491110000001
Otegem,8553.0,1941.5270195750372,Flandre,Flandre-Occidentale,3.4245499365566,50.80927585
Ottergem,9420.0,1618.2181116390457,Flandre,Flandre-Orientale,3.946888200000001,50.9341483
Ottignies,1340.0,2416.9950199972504,Wallonie,Brabant wallon,4.5690502,50.666357
Oud-Heverlee,3050.0,2064.6223146223147,Flandre,Brabant flamand,4.6678970999999985,50.8217682
Oud-Turnhout,2360.0,1723.4592992260066,Flandre,Anvers,4.981708599999998,51.3178319
Oudenaken,1600.0,2420.4287160267327,Flandre,Brabant flamand,4.1958992,50.7804875
Oudenburg,8460.0,1699.2841815060506,Flandre,Flandre-Occidentale,3.0061089520182,51.20118315
Ougrée,4102.0,1135.9410549869954,Wallonie,Liège,5.5389943,50.5992632
Outer,9406.0,1549.2639092473391,Flandre,Flandre-Orientale,3.9976558921405,50.84658595
Outgaarden,3321.0,2876.9841269841268,Flandre,Brabant flamand,4.9193571,50.7665968
Outrelouxhe,4577.0,1475.3827757171468,Wallonie,Liège,5.335294,50.504232
Overijse,3090.0,2587.3985432402224,Flandre,Brabant flamand,4.5385225999999985,50.7729254
Overpelt,3900.0,1549.2219293147966,Flandre,Limbourg,5.422976,51.2113458
Paal,3583.0,1714.68867671844,Flandre,Limbourg,5.1616725572109,51.04746375
Paliseul,6850.0,1437.4131397543267,Wallonie,Luxembourg,5.1349041,49.9035269
Pamel,1760.0,1909.4472439988274,Flandre,Brabant flamand,4.0820664787057,50.83471975
Papignies,7861.0,984.1634738186461,Wallonie,Hainaut,3.819132,50.6861533
Parike,9661.0,3260.0,Flandre,Flandre-Orientale,3.799316,50.7849168
Patignies,5575.0,1178.0987053104332,Wallonie,Namur,4.952120099999999,49.9999798
Pellenberg,3212.0,2238.4641873278238,Flandre,Brabant flamand,4.7894086649098,50.87211325
Pepinster,4860.0,1425.6662675041127,Wallonie,Liège,5.803710099999999,50.5675217
Perk,1820.0,2319.5040936947466,Flandre,Brabant flamand,4.4960702,50.9331623
Peutie,1800.0,2060.981368306501,Flandre,Brabant flamand,4.4551981,50.9271744
Pipaix,7904.0,1345.4116917857377,Wallonie,Hainaut,3.5758870000000003,50.58286500000001
Pittem,8740.0,1551.31174746934,Flandre,Flandre-Occidentale,3.2622730034453,50.99996475
Piéton,7160.0,1315.0955803371035,Wallonie,Hainaut,4.2984261,50.4414944
Plainevaux,4122.0,1563.2749818899429,Wallonie,Liège,5.5215011,50.5446771
Plombières,4850.0,1592.0731537820795,Wallonie,Liège,5.9590725,50.737480100000006
Pollare,9401.0,1126.0869565217392,Flandre,Flandre-Orientale,3.9969451,50.8168641
Polleur,4910.0,1661.9119703638069,Wallonie,Liège,5.873929354985,50.542907
Pommeroeul,7322.0,1690.5392674375382,Wallonie,Hainaut,3.7107354,50.4611322
Poperinge,8970.0,1656.5190454275587,Flandre,Flandre-Occidentale,2.7222592638771004,50.84362245
Poppel,2382.0,1910.255563866274,Flandre,Anvers,5.0488069670452,51.45063155
Poulseur,4171.0,974.9571578923877,Wallonie,Liège,5.5827847,50.5097627
Pousset,4350.0,1671.4334203104684,Wallonie,Liège,5.3034495,50.6956401
Profondeville,5170.0,1707.612545777755,Wallonie,Namur,4.8694362999999985,50.3776473
Pulderbos,2242.0,2193.876088069637,Flandre,Anvers,4.7033852099385,51.22573189999999
Pulle,2243.0,3177.083333333333,Flandre,Anvers,4.6975445276147,51.2011609
Péruwelz,7600.0,1026.5566494821865,Wallonie,Hainaut,3.5908864,50.509789700000006
Quiévrain,7380.0,851.5495804339134,Wallonie,Hainaut,3.6819263,50.4084818
Rachecourt,6792.0,1544.1369543066749,Wallonie,Luxembourg,5.7248142999999985,49.5903125
Raeren,4730.0,1735.5,Wallonie,Liège,6.1108404,50.6761305
Ramegnies,7971.0,1054.2210306212996,Wallonie,Hainaut,3.6351295,50.544393
Ramegnies-Chin,7520.0,1581.25013778008,Wallonie,Hainaut,3.3353370000000004,50.65129500000001
Ramsel,2230.0,1777.1853709880945,Flandre,Anvers,4.8336098,51.0324718
Ramskapelle,8301.0,2557.183657320845,Flandre,Flandre-Occidentale,3.2505004,51.3126954
Ransart,6043.0,1342.3695601277614,Wallonie,Hainaut,4.481573078145,50.45615655
Ravels,2380.0,1778.8349749000993,Flandre,Anvers,5.0198122919518,51.3808625
Rebaix,7804.0,1323.2620320855615,Wallonie,Hainaut,3.7836911,50.660198
Reet,2840.0,1850.038141792321,Flandre,Anvers,4.4058899586301,51.1044854
Rekem,3621.0,1400.0910364145657,Flandre,Limbourg,5.662609475536599,50.9284078
Remersdaal,3791.0,1463.5884831460676,Flandre,Limbourg,5.8818776028445985,50.72838165
Renaix,9600.0,1323.6218362618743,Flandre,Flandre-Orientale,3.6020465,50.7476192
Retie,2470.0,1677.4877482975373,Flandre,Anvers,5.0843883000000005,51.2675862
Retinne,4621.0,1084.50481173411,Wallonie,Liège,5.6978166,50.6302993
Rhode-Saint-Genèse,1640.0,2764.4944863383066,Flandre,Brabant flamand,4.3463687,50.74503
Richelle,4600.0,1600.4686635588596,Wallonie,Liège,5.695354,50.7171434
Rijkevorsel,2310.0,1967.7355930644771,Flandre,Anvers,4.760708,51.3495046
Rillaar,3202.0,1661.9771311699917,Flandre,Brabant flamand,4.8970494266873,50.97591095
Rixensart,1330.0,2373.9165732510774,Wallonie,Brabant wallon,4.5272896887008,50.7133548
Rocherath,4761.0,1033.0882352941176,Wallonie,Liège,6.3009381,50.4344078
Roesbrugge-Haringe,8972.0,1196.8978453896466,Flandre,Flandre-Occidentale,2.6262588,50.9150531
Romsée,4624.0,1511.4645979378327,Wallonie,Liège,5.6655488,50.6068155
Rongy,7623.0,1566.683842894767,Wallonie,Hainaut,3.3815632027097005,50.50665205
Ronsele,9932.0,2256.2612097424035,Flandre,Flandre-Orientale,3.5532444,51.1303816
Rosières,1331.0,2489.672222550317,Wallonie,Brabant wallon,4.5463113019639,50.73713045
Rosée,5620.0,1259.3056905969547,Wallonie,Namur,4.6876566,50.2323028
Rotselaar,3110.0,2133.3496114609566,Flandre,Brabant flamand,4.714320596025799,50.9543637
Roucourt,7601.0,657.1428571428571,Wallonie,Hainaut,3.5870901,50.529165
Roux,6044.0,972.6487102673537,Wallonie,Hainaut,4.3907758274107005,50.44150020000001
Ruisbroek,1601.0,2093.421874709336,Flandre,Brabant flamand,4.298610469732,50.7848617
Ruiselede,8755.0,2222.687262640998,Flandre,Flandre-Occidentale,3.3789495803068,51.062755
Rummen,3454.0,2111.1111111111113,Flandre,Brabant flamand,5.156491748195902,50.88594765
Rupelmonde,9150.0,2010.8356594176782,Flandre,Flandre-Orientale,4.2906315,51.1283692
Saint-Amand,6221.0,1634.8600508905852,Wallonie,Hainaut,4.5319238043004,50.5111679
Saint-Denis,7034.0,1291.2247474747476,Wallonie,Hainaut,4.0181787,50.4920472
Saint-Georges-Sur-Meuse,4470.0,1395.5667817106348,Wallonie,Liège,5.3579041,50.6000686
Saint-Ghislain,7330.0,1375.388936988937,Wallonie,Hainaut,3.8214781396442,50.448359502765996
Saint-Gilles,1060.0,2747.6836123804533,Bruxelles,Bruxelles-Capitale,4.345668,50.8267409
Saint-Géry,1450.0,1927.3289817668758,Wallonie,Brabant wallon,4.6202848419069005,50.57660545
Saint-Josse-Ten-Noode,1210.0,2105.8654267833617,Bruxelles,Bruxelles-Capitale,4.3723364,50.8530739
Saint-Marc,5003.0,1889.6382506382506,Wallonie,Namur,4.8469587132153,50.4948666
Saint-Mard,6762.0,1066.8948393536025,Wallonie,Luxembourg,5.5284511,49.5577562
Saint-Remy,4672.0,1691.304347826087,Wallonie,Liège,5.700802,50.6958409
Saint-Sauveur,7912.0,1774.3707603258163,Wallonie,Hainaut,3.5977459,50.70618029999999
Saint-Servais,5002.0,1871.6469654396672,Wallonie,Namur,4.8351266178881,50.48141855
Saint-Symphorien,7030.0,1719.9233032976877,Wallonie,Hainaut,4.012574,50.4366253
Saint-Vith,4780.0,1676.3157894736842,Wallonie,Liège,6.1258953,50.2803881
Samrée,6982.0,2119.618580060423,Wallonie,Luxembourg,5.6394828000000015,50.209256
Sars-La-Buissière,6542.0,1315.7115036861871,Wallonie,Hainaut,4.209803,50.3352549
Sart-Dames-Avelines,1495.0,1754.8080738007006,Wallonie,Brabant wallon,4.489554887461201,50.554167
Schaerbeek,1030.0,2267.671757745122,Bruxelles,Bruxelles-Capitale,4.3737121,50.8676041
Schaltin,5364.0,1965.5172413793102,Wallonie,Namur,5.1237159000000005,50.3579006
Schelle,2627.0,2090.709186282129,Flandre,Anvers,4.3361875,51.1245635
Schepdaal,1703.0,2131.617958948762,Flandre,Brabant flamand,4.195149072634,50.836307700000006
Scherpenheuvel,3270.0,1672.0423791403753,Flandre,Brabant flamand,4.9547327768843,50.9725745
Schoenberg,4782.0,1295.6521739130435,Wallonie,Liège,6.2642498,50.2888095
Schore,8433.0,1580.911920323685,Flandre,Flandre-Occidentale,2.8402112,51.1110889
Schorisse,9688.0,836.5921787709498,Flandre,Flandre-Orientale,3.678237600000001,50.8061799
Schoten,2900.0,2165.6987925815884,Flandre,Anvers,4.4980446,51.2516344
Schriek,2223.0,1959.6104588489184,Flandre,Anvers,4.4361161,51.2907379
Seneffe,7180.0,1611.984985420978,Wallonie,Hainaut,4.2664609240834,50.52505545
Sensenruth,6832.0,1637.9310344827586,Wallonie,Luxembourg,5.0738804,49.8254037
Serville,5521.0,909.0909090909091,Wallonie,Namur,4.7806526,50.25007539999999
Sibret,6640.0,1341.9415938864176,Wallonie,Luxembourg,5.6352461,49.968275
Sinaai-Waas,9112.0,2042.9064392079858,Flandre,Flandre-Orientale,3.9795579,51.18669660000001
Sint-Amandsberg,9040.0,2292.0103419232014,Flandre,Flandre-Orientale,3.7488657,51.061875
Sint-Andries,8200.0,2171.7633645682704,Flandre,Flandre-Occidentale,3.1750054151928,51.18830895
Sint-Baafs-Vijve,8710.0,1453.276080611495,Flandre,Flandre-Occidentale,3.3862545030012,50.9245338
Sint-Denijs,8554.0,1280.4878048780488,Flandre,Flandre-Occidentale,3.3497453222030003,50.76440175
Sint-Eloois-Vijve,8793.0,1837.2194954053682,Flandre,Flandre-Occidentale,3.4036062000000005,50.9057236
Sint-Eloois-Winkel,8880.0,1306.8836032129855,Flandre,Flandre-Occidentale,3.179116,50.8765142
Sint-Huibrechts-Lille,3910.0,1348.309488327665,Flandre,Limbourg,5.493700115108299,51.2253075
Sint-Jan,8900.0,1728.732294274419,Flandre,Flandre-Occidentale,2.9038085,50.86460170000001
Sint-Jan-In-Eremo,9982.0,1923.125,Flandre,Flandre-Orientale,3.5800940000000003,51.2682182
Sint-Joris,8730.0,1839.9371546595873,Flandre,Flandre-Occidentale,3.3646568393591,51.125095
Sint-Joris-Weert,3051.0,2113.68471982552,Flandre,Brabant flamand,4.6458289787229,50.8051035
Sint-Katelijne-Waver,2860.0,1962.4009674886456,Flandre,Anvers,4.5114278140147,51.06232435
Sint-Katherina-Lombeek,1742.0,2014.6156972517,Flandre,Brabant flamand,4.1535568,50.8726659
Sint-Kwintens-Lennik,1750.0,2449.1744308276193,Flandre,Brabant flamand,4.1456163063499,50.81145495
Sint-Laureins,9980.0,1438.0838523131674,Flandre,Flandre-Orientale,3.5374820679851,51.23304829999999
Sint-Margriete,9981.0,1329.7584705017252,Flandre,Flandre-Orientale,3.5315005565828,51.26767195
Sint-Maria-Horebeke,9667.0,2238.8227294969947,Flandre,Flandre-Orientale,3.6875097,50.8383442
Sint-Martens-Bodegem,1700.0,2144.8556703104423,Flandre,Brabant flamand,4.215059200000002,50.86272329999999
Sint-Martens-Latem,9830.0,2938.387504236376,Flandre,Flandre-Orientale,3.6306291238782,51.0134462
Sint-Martens-Lierde,9572.0,2417.903525046382,Flandre,Flandre-Orientale,3.8157846440419,50.80452055
Sint-Pieters-Kapelle,1541.0,2423.3212996389893,Flandre,Brabant flamand,3.9985766720315,50.70721955
Sint-Pieters-Rode,3220.0,2239.880339821925,Flandre,Brabant flamand,4.8291872982184,50.9208131
Sint-Stevens-Woluwe,1932.0,2634.797365476059,Flandre,Brabant flamand,4.4359939711919,50.8662434
Sirault,7332.0,1125.1226208760609,Wallonie,Hainaut,3.7881267,50.5060592
Sivry,6470.0,975.1838633888613,Wallonie,Hainaut,4.1792797,50.16789779999999
Sleidinge,9940.0,2018.01782877023,Flandre,Flandre-Orientale,3.6789045,51.131929
Sommière,5523.0,1539.2063492063494,Wallonie,Namur,4.8454742999999985,50.274944
Sorinne-La-Longue,5333.0,1080.8080808080808,Wallonie,Namur,5.0294375,50.3896858
Sorinnes,5503.0,937.5,Wallonie,Namur,4.982409,50.260159
Souvret,6182.0,1079.9808279243261,Wallonie,Hainaut,4.350827,50.450999
Spa,4900.0,1659.5978113102906,Wallonie,Liège,5.8626233,50.4920838
Spiennes,7032.0,1713.458110516934,Wallonie,Hainaut,3.9868957,50.4254505
Sprimont,4140.0,1507.6569849123543,Wallonie,Liège,5.646657076291901,50.5065636
Staden,8840.0,1519.722732883664,Flandre,Flandre-Occidentale,3.001340623187,50.97048785
Stavele,8691.0,2102.7181978492754,Flandre,Flandre-Occidentale,2.673321,50.9398411
Stavelot,4970.0,1234.1608416687127,Wallonie,Liège,5.9308362,50.3940846
Steendorp,9140.0,1767.9969164492024,Flandre,Flandre-Orientale,4.2646567358993,51.13108629999999
Stekene,9190.0,1807.8548578635175,Flandre,Flandre-Orientale,4.0240412532131,51.2104744
Stembert,4801.0,1775.103779565839,Wallonie,Liège,5.8952801,50.59310900000001
Sterrebeek,1933.0,2794.041056313614,Flandre,Brabant flamand,4.5157438438279005,50.85395875
Stevoort,3512.0,1706.3081602911648,Flandre,Limbourg,5.2444291944072,50.91698375
Stokkem,3650.0,1463.7629248742724,Flandre,Limbourg,5.7508381619462,51.0197939
Strombeek-Bever,1853.0,2270.872349746942,Flandre,Brabant flamand,4.342355501959,50.91096285
Strée,6511.0,695.6958393113342,Wallonie,Hainaut,4.2980462,50.276633200000006
Suxy,6812.0,938.2352941176471,Wallonie,Luxembourg,5.4005563,49.7626877
Taintignies,7618.0,1642.203548085901,Wallonie,Hainaut,3.3416855000000005,50.5502028
Tavier,4163.0,1616.3793103448277,Wallonie,Liège,5.470757099999998,50.49602270000001
Tenneville,6970.0,1681.530324967825,Wallonie,Luxembourg,5.5242133,50.091248
Teralfene,1790.0,1863.047474120785,Flandre,Brabant flamand,4.09834,50.8921419
Ternat,1740.0,2240.9048193212348,Flandre,Brabant flamand,4.1834171401216,50.87155835
Tertre,7333.0,1160.8839106391945,Wallonie,Hainaut,3.8081735,50.4673149
Tervuren,3080.0,2667.0984907302673,Flandre,Brabant flamand,4.5144027,50.8227718
Tessenderlo,3980.0,1519.6878779459287,Flandre,Limbourg,5.0893974,51.0681628
Testelt,3272.0,1742.459281484899,Flandre,Brabant flamand,4.9484707287374015,51.01927720000001
Teuven,3793.0,1166.6666666666667,Flandre,Limbourg,5.8695304694514,50.75322225
Thieulain,7901.0,2433.684210526316,Wallonie,Hainaut,3.6085857,50.6179826
Thimister,4890.0,1691.8936371228383,Wallonie,Liège,5.8650125,50.65294650000001
Thimougies,7533.0,2741.6666666666665,Wallonie,Hainaut,3.5102508,50.6349458
Thommen,4791.0,1030.5240641467462,Wallonie,Liège,6.0743425,50.2190586
Thuin,6530.0,1362.2531703432542,Wallonie,Hainaut,4.2870475,50.3397445
Thynes,5502.0,1001.496138996139,Wallonie,Namur,4.9882689,50.2798224
Tiegem,8573.0,1865.0073653198654,Flandre,Flandre-Occidentale,3.4697738543929,50.81305310000001
Tielt,3390.0,1961.3631255715256,Flandre,Brabant flamand,4.9155513317582,50.9346235
Tildonk,3150.0,2114.3213889935414,Flandre,Brabant flamand,4.6595165776069,50.94081955
Tillet,6680.0,992.5113987084811,Wallonie,Luxembourg,5.5297763,50.0097939
Tintange,6637.0,999.0532574813574,Wallonie,Luxembourg,5.7518438,49.878638
Tintigny,6730.0,1374.2742767602442,Wallonie,Luxembourg,5.5185152,49.6820986
Tongre-Notre-Dame,7951.0,1090.909090909091,Wallonie,Hainaut,3.7748043,50.581313
Tongre-Saint-Martin,7950.0,1211.0230561846247,Wallonie,Hainaut,3.7907921,50.58604129999999
Tongrinne,5140.0,1683.0975435294222,Wallonie,Namur,4.623887,50.5157258
Torgny,6767.0,1268.5081255267992,Wallonie,Luxembourg,5.4735035000000005,49.5085018
Torhout,8820.0,1877.9065581217276,Flandre,Flandre-Occidentale,3.0913072045454,51.0585915
Tourinne,4263.0,1533.5687583444594,Wallonie,Liège,5.1765528,50.639549
Tournai,7500.0,1356.3517278256875,Wallonie,Hainaut,3.3878259,50.60566
Trazegnies,6183.0,1121.2843682821804,Wallonie,Hainaut,4.3317415,50.4665295
Tremelo,3120.0,1935.4333551179216,Flandre,Brabant flamand,4.675513400000002,50.9900457
Tubize,1480.0,1694.9108101356233,Wallonie,Brabant wallon,4.204696,50.69302
Turnhout,2300.0,1647.8727050173197,Flandre,Anvers,4.948461,51.3233812
Uccle,1180.0,3217.8307118771154,Bruxelles,Bruxelles-Capitale,4.3372348,50.8018201
Uitkerke,8370.0,1632.0063747805555,Flandre,Flandre-Occidentale,3.1404868099971,51.2996935
Varendonk,2431.0,1344.1682981520141,Flandre,Anvers,4.9552253,51.0801317
Vaulx,7536.0,1792.0619860847564,Wallonie,Hainaut,3.426172,50.589889
Vaux-Et-Borset,4530.0,1560.3006938734072,Wallonie,Liège,5.23141,50.6131537
Vaux-Sous-Chèvremont,4051.0,1476.7679154182379,Wallonie,Liège,5.6335963,50.6018717
Veldegem,8210.0,1983.7970279602891,Flandre,Flandre-Occidentale,3.1606518,51.1048944
Velm,3806.0,1156.4792152292152,Flandre,Limbourg,5.1322112767812005,50.78000075
Vezon,7538.0,1570.8071938593305,Wallonie,Hainaut,3.5017888,50.5683976
Vieux-Genappe,1472.0,2204.188199827735,Wallonie,Brabant wallon,4.4015030981612,50.62902485
Villers-Aux-Tours,4161.0,1500.0,Wallonie,Liège,5.5122974000000005,50.4969412
Villers-Devant-Orval,6823.0,848.4848484848485,Wallonie,Luxembourg,5.331466000000002,49.6185771
Villers-La-Bonne-Eau,6600.0,1418.8501276098757,Wallonie,Luxembourg,5.7477792,49.9345566
Villers-La-Loue,6769.0,1772.8131222075626,Wallonie,Luxembourg,5.481043,49.5749479
Villers-Lez-Heest,5080.0,1641.3872165931557,Wallonie,Namur,4.8345691476021,50.5379166
Villers-Poterie,6280.0,1577.0497008809348,Wallonie,Hainaut,4.547498,50.3513008
Villers-Saint-Ghislain,7031.0,1334.1652323580033,Wallonie,Hainaut,4.0389071,50.43124210000001
Villers-Sur-Semois,6740.0,1465.1490938649697,Wallonie,Luxembourg,5.5614663,49.6987456
Virelles,6461.0,1530.7713728766362,Wallonie,Hainaut,4.3329805,50.0648008
Vivegnis,4683.0,1347.8178556287692,Wallonie,Liège,5.6527071,50.697932
Vivy,6833.0,729.92700729927,Wallonie,Luxembourg,5.0388784000000015,49.8675973
Vlamertinge,8908.0,1781.2428315412185,Flandre,Flandre-Occidentale,2.8146596555515,50.84722495
Vlezenbeek,1602.0,2405.128205128205,Flandre,Brabant flamand,4.2360410720845,50.805593
Vliermaal,3724.0,1468.484281498012,Flandre,Limbourg,5.4259091735787,50.8326029
Vliermaalroot,3721.0,1711.5006092417284,Flandre,Limbourg,5.4298574663068,50.8667966
Vlierzele,9520.0,1937.7396137638927,Flandre,Flandre-Orientale,3.9009360317784,50.935088
Vlimmeren,2340.0,1756.8607934045544,Flandre,Anvers,4.7821797,51.2988018
Vorselaar,2290.0,2238.011226847914,Flandre,Anvers,4.769482,51.2023448
Vorst,2430.0,1726.3917111893722,Flandre,Anvers,5.0188161,51.0790117
Vosselaar,2350.0,1726.2676555205353,Flandre,Anvers,4.8878026,51.3129153
Vremde,2531.0,2181.860116816761,Flandre,Anvers,4.522622900000001,51.1753099
Vyle-Et-Tharoul,4570.0,1431.0756982735822,Wallonie,Liège,5.2683004,50.4462845
Waanrode,3473.0,1758.3380785522047,Flandre,Brabant flamand,5.003771632858902,50.9129375
Waarbeke,9506.0,1485.3481788382232,Flandre,Flandre-Orientale,3.968228,50.7779309
Waarloos,2550.0,2383.9506211504345,Flandre,Anvers,4.453,51.1052659
Waarschoot,9950.0,1557.6149899084758,Flandre,Flandre-Orientale,3.6061712,51.1515304
Waasmont,3401.0,1120.9906209159856,Flandre,Brabant flamand,5.0609420487376,50.72608345
Waasmunster,9250.0,2178.7271394728264,Flandre,Flandre-Orientale,4.0842158,51.10971470000001
Wachtebeke,9185.0,1742.1894267836756,Flandre,Flandre-Orientale,3.8574284,51.1701927
Waimes,4950.0,1810.0627267433206,Wallonie,Liège,6.1117542999999985,50.4149134
Walhorn,4711.0,2519.2,Wallonie,Liège,6.0469422,50.6750768
Wambeek,1741.0,1985.7286995515697,Flandre,Brabant flamand,4.1646372476962,50.85672975
Wanfercée-Baulet,6224.0,1338.7645101468916,Wallonie,Hainaut,4.581627405915099,50.47584335
Wanlin,5564.0,810.8080808080808,Wallonie,Namur,5.0615120000000005,50.1593381
Wannegem-Lede,9772.0,2208.1218274111675,Flandre,Flandre-Orientale,3.5605794173077,50.8902386
Warchin,7548.0,1157.319391634981,Wallonie,Hainaut,3.4267528,50.60961870000001
Warcoing,7740.0,1263.6904723772757,Wallonie,Hainaut,3.3451985,50.702173
Waregem,8790.0,1789.6464997237338,Flandre,Flandre-Occidentale,3.4257380400092,50.87620025
Warquignies,7340.0,981.4693452716757,Wallonie,Hainaut,3.8223517,50.4002638
Wasmes-Audemez-Briffoeil,7604.0,1418.5783860508557,Wallonie,Hainaut,3.5352247,50.5539524
Wasmuel,7390.0,960.0865169590897,Wallonie,Hainaut,3.8466719,50.44572700000001
Waterloo,1410.0,2682.4314022612402,Wallonie,Brabant wallon,4.3978047,50.7173563
Watermael-Boitsfort,1170.0,3426.3137471603595,Bruxelles,Bruxelles-Capitale,4.415817700000002,50.799394
Watervliet,9988.0,1296.7137626986755,Flandre,Flandre-Orientale,3.626982177111,51.2776499
Watou,8978.0,1562.3834498834499,Flandre,Flandre-Occidentale,2.6449117149406,50.84518645
Waudrez,7131.0,1423.8833430486739,Wallonie,Hainaut,4.150981,50.4137808
Wauthier-Braine,1440.0,2254.8041975350557,Wallonie,Brabant wallon,4.3133036337455,50.68083185
Wavre,1300.0,2184.5375077323056,Wallonie,Brabant wallon,4.607744,50.7164189
Ways,1474.0,2533.872246328438,Wallonie,Brabant wallon,4.4729429472611,50.6269861
Weelde,2381.0,1586.424232673523,Flandre,Anvers,5.018244542061599,51.41206885
Welkenraedt,4840.0,1790.7637278814273,Wallonie,Liège,5.9723396,50.6627086
Welle,9473.0,1593.3398807143112,Flandre,Flandre-Orientale,4.0448599000000005,50.90054050000001
Wellin,6920.0,1583.654240333213,Wallonie,Luxembourg,5.1146708,50.0822967
Wemmel,1780.0,2400.201012106403,Flandre,Brabant flamand,4.3108723,50.9145955
Werchter,3118.0,1871.3511420828495,Flandre,Brabant flamand,4.7026877230529,50.9707189
Werken,8610.0,1490.252816908513,Flandre,Flandre-Occidentale,2.9637026,51.02900620000001
Werm,3730.0,1247.775513148465,Flandre,Limbourg,5.4804957000000005,50.8335665
Westouter,8954.0,2957.285714285714,Flandre,Flandre-Occidentale,2.7409610507934,50.80033710000001
Wetteren,9230.0,1892.2857013329979,Flandre,Flandre-Orientale,3.8855494,51.0068804
Wezemaal,3111.0,1806.7180664334066,Flandre,Brabant flamand,4.7683306885409005,50.94825520000001
Wezembeek-Oppem,1970.0,3029.670128613975,Flandre,Brabant flamand,4.487179599999998,50.8440554
Wibrin,6666.0,1876.4077059395186,Wallonie,Luxembourg,5.715600900000001,50.1661182
Wichelen,9260.0,1809.5781181085072,Flandre,Flandre-Orientale,3.9806438098974,51.0020843
Wiekevorst,2222.0,1740.1407763225625,Flandre,Anvers,4.7853558986493,51.10609435
Wiers,7608.0,1152.5042617377378,Wallonie,Hainaut,3.533035,50.508665
Wihogne,4452.0,2228.0763790664782,Wallonie,Liège,5.5064112000000005,50.7277451
Wijchmaal,3990.0,1754.3389279299734,Flandre,Limbourg,5.4147469555164,51.1272018
Wijgmaal,3018.0,2697.71912350974,Flandre,Brabant flamand,4.7001214,50.926428
Wijnegem,2110.0,1893.6728214944274,Flandre,Anvers,4.5225318,51.2270761
Wijtschate,8953.0,833.3333333333334,Flandre,Flandre-Occidentale,2.9126192876216,50.7832683
Wilrijk,2610.0,2411.671843146371,Flandre,Anvers,4.3876309610455,51.1638451
Wilsele,3012.0,2574.7976559979224,Flandre,Brabant flamand,4.7136294,50.90953620000001
Wingene,8750.0,1806.5443060619575,Flandre,Flandre-Occidentale,3.2847683081115,51.06808895
Woluwe-Saint-Lambert,1200.0,3199.2607290310916,Bruxelles,Bruxelles-Capitale,4.4284842000000015,50.84669279999999
Woluwe-Saint-Pierre,1150.0,3419.0497616519183,Bruxelles,Bruxelles-Capitale,4.4432967,50.8292429
Wolvertem,1861.0,2050.9792802451743,Flandre,Brabant flamand,4.3085198,50.9510266
Wommelgem,2160.0,2418.745226518092,Flandre,Anvers,4.5238022,51.2031044
Wondelgem,9032.0,2296.171288526039,Flandre,Flandre-Orientale,3.703461274656701,51.09349535
Wortel,2323.0,1502.2222222222222,Flandre,Anvers,4.8085930879726,51.3975366
Woubrechtegem,9550.0,1549.6341159781098,Flandre,Flandre-Orientale,3.9158325,50.8726761
Wulpen,8670.0,2491.5956202380175,Flandre,Flandre-Occidentale,2.7073119164927,51.09779175
Xhendelesse,4652.0,1618.75,Wallonie,Liège,5.7726472,50.6037018
Zaffelare,9080.0,2425.671827519392,Flandre,Flandre-Orientale,3.8601634,51.1323736
Zele,9240.0,1556.2497482667418,Flandre,Flandre-Orientale,4.0385864,51.0683621
Zellik,1731.0,2182.1812802582035,Flandre,Brabant flamand,4.2744185,50.8842475
Zelzate,9060.0,1548.8840816213865,Flandre,Flandre-Orientale,3.8105002,51.2000036
Zepperen,3800.0,1566.1977069913323,Flandre,Limbourg,5.257916329014799,50.840318
Zillebeke,8902.0,1396.0,Flandre,Flandre-Occidentale,2.9224029,50.8346385
Zingem,9750.0,2086.557401054229,Flandre,Flandre-Orientale,3.653793,50.9039326
Zoerle-Parwijs,2260.0,1886.4422322799521,Flandre,Anvers,4.8729402,51.0880889
Zomergem,9930.0,2149.8357112870453,Flandre,Flandre-Orientale,3.5642436785112,51.1195778
Zonhoven,3520.0,1700.1264413512176,Flandre,Limbourg,5.3677683,50.9909835
Zulte,9870.0,1862.7153820178767,Flandre,Flandre-Orientale,3.4485632000000006,50.9206638
Zutendaal,3690.0,2458.2155061194603,Flandre,Limbourg,5.5725548,50.9318992
Zwevegem,8550.0,1543.8872242520395,Flandre,Flandre-Occidentale,3.3419067426276,50.80406995
Zwijnaarde,9052.0,2203.5140562494516,Flandre,Flandre-Orientale,3.7021790930106,51.00092235
